datetime,predicted_count,hour,day_of_week
2011-12-29 20:00:00,101.05824525301006,20,3
2011-12-29 21:00:00,184.3091743145781,21,3
2011-12-29 22:00:00,260.13755361403264,22,3
2011-12-29 23:00:00,157.61355032470092,23,3
2011-12-30 00:00:00,231.0286867361137,0,4
2011-12-30 01:00:00,172.254889678837,1,4
2011-12-30 02:00:00,178.94795839524326,2,4
2011-12-30 03:00:00,138.0842038948316,3,4
2011-12-30 04:00:00,196.38004807365039,4,4
2011-12-30 05:00:00,147.73720376510232,5,4
2011-12-30 06:00:00,181.54313820672124,6,4
2011-12-30 07:00:00,167.4535162898262,7,4
2011-12-30 08:00:00,159.94490348007932,8,4
2011-12-30 09:00:00,135.20810690494565,9,4
2011-12-30 10:00:00,145.06228003629502,10,4
2011-12-30 11:00:00,158.05871983762748,11,4
2011-12-30 12:00:00,158.15564621776275,12,4
2011-12-30 13:00:00,170.24208640004375,13,4
2011-12-30 14:00:00,191.56899358401762,14,4
2011-12-30 15:00:00,155.0818068687415,15,4
2011-12-30 16:00:00,177.93971292522681,16,4
2011-12-30 17:00:00,171.5402615990649,17,4
2011-12-30 18:00:00,202.21692696201114,18,4
2011-12-30 19:00:00,179.80418567992612,19,4
2011-12-30 20:00:00,173.36920700528438,20,4
2011-12-30 21:00:00,199.4808933548993,21,4
2011-12-30 22:00:00,141.5341954461802,22,4
2011-12-30 23:00:00,174.92279819921907,23,4
2011-12-31 00:00:00,199.5376981440125,0,5
2011-12-31 01:00:00,169.61093033928398,1,5
2011-12-31 02:00:00,204.80717260704333,2,5
2011-12-31 03:00:00,159.06392693125431,3,5
2011-12-31 04:00:00,175.17410526038006,4,5
2011-12-31 05:00:00,175.23039991108783,5,5
2011-12-31 06:00:00,250.36304481509276,6,5
2011-12-31 07:00:00,185.12538230459685,7,5
2011-12-31 08:00:00,166.0408348234635,8,5
2011-12-31 09:00:00,156.8132658353151,9,5
2011-12-31 10:00:00,190.07671920696504,10,5
2011-12-31 11:00:00,184.46037950024288,11,5
2011-12-31 12:00:00,167.51874482707913,12,5
2011-12-31 13:00:00,220.71936513972935,13,5
2011-12-31 14:00:00,172.0004161706606,14,5
2011-12-31 15:00:00,141.74450443333944,15,5
2011-12-31 16:00:00,149.0438975185774,16,5
2011-12-31 17:00:00,174.3426390972127,17,5
2011-12-31 18:00:00,183.97134517449217,18,5
2011-12-31 19:00:00,157.85376567155507,19,5
2011-12-31 20:00:00,263.5316193025572,20,5
2011-12-31 21:00:00,188.12475044446356,21,5
2011-12-31 22:00:00,126.49577474655064,22,5
2011-12-31 23:00:00,182.59543916943906,23,5
2012-01-01 00:00:00,137.47622536282563,0,6
2012-01-01 01:00:00,275.50761596531356,1,6
2012-01-01 02:00:00,187.29272574154112,2,6
2012-01-01 03:00:00,207.0260781526632,3,6
2012-01-01 04:00:00,213.18078923798146,4,6
2012-01-01 05:00:00,141.28229059277882,5,6
2012-01-01 06:00:00,202.91095295278726,6,6
2012-01-01 07:00:00,190.06755333416086,7,6
2012-01-01 08:00:00,187.56606839493256,8,6
2012-01-01 09:00:00,228.86068456497512,9,6
2012-01-01 10:00:00,207.98838667915268,10,6
2012-01-01 11:00:00,168.40274678625272,11,6
2012-01-01 12:00:00,213.60228100532441,12,6
2012-01-01 13:00:00,224.89965367670703,13,6
2012-01-01 14:00:00,154.38824712725008,14,6
2012-01-01 15:00:00,209.9758993562043,15,6
2012-01-01 16:00:00,196.29001643240113,16,6
2012-01-01 17:00:00,312.570296397361,17,6
2012-01-01 18:00:00,304.33469910790615,18,6
2012-01-01 19:00:00,152.13044919660868,19,6
2012-01-01 20:00:00,240.1803890409048,20,6
2012-01-01 21:00:00,241.04610254069135,21,6
2012-01-01 22:00:00,220.61832867373548,22,6
2012-01-01 23:00:00,151.9908822522265,23,6
2012-01-02 00:00:00,280.092092228785,0,0
2012-01-02 01:00:00,245.86292808134857,1,0
2012-01-02 02:00:00,202.1864681369182,2,0
2012-01-02 03:00:00,171.5591566259023,3,0
2012-01-02 04:00:00,220.93232527880008,4,0
2012-01-02 05:00:00,205.42005001697416,5,0
2012-01-02 06:00:00,185.42027832397716,6,0
2012-01-02 07:00:00,179.6820985056478,7,0
2012-01-02 08:00:00,214.10043095940298,8,0
2012-01-02 09:00:00,227.16402408063584,9,0
2012-01-02 10:00:00,200.88194116518193,10,0
2012-01-02 11:00:00,231.6534387488703,11,0
2012-01-02 12:00:00,245.72422662812733,12,0
2012-01-02 13:00:00,231.86902777579547,13,0
2012-01-02 14:00:00,243.41106793115804,14,0
2012-01-02 15:00:00,220.68518220945433,15,0
2012-01-02 16:00:00,223.3084144736845,16,0
2012-01-02 17:00:00,217.2307947135472,17,0
2012-01-02 18:00:00,215.59721802540884,18,0
2012-01-02 19:00:00,192.25082756133293,19,0
2012-01-02 20:00:00,221.16228509237573,20,0
2012-01-02 21:00:00,210.88721999373615,21,0
2012-01-02 22:00:00,189.46027820642476,22,0
2012-01-02 23:00:00,236.38051229797682,23,0
2012-01-03 00:00:00,167.35870174847815,0,1
2012-01-03 01:00:00,272.5965880294284,1,1
2012-01-03 02:00:00,225.54696232903095,2,1
2012-01-03 03:00:00,260.7395008053204,3,1
2012-01-03 04:00:00,156.8952341448999,4,1
2012-01-03 05:00:00,139.61016433513257,5,1
2012-01-03 06:00:00,156.285319017926,6,1
2012-01-03 07:00:00,195.25842405642794,7,1
2012-01-03 08:00:00,210.10782483430683,8,1
2012-01-03 09:00:00,216.4081980359153,9,1
2012-01-03 10:00:00,200.67319260640193,10,1
2012-01-03 11:00:00,203.62283021861785,11,1
2012-01-03 12:00:00,192.628097032779,12,1
2012-01-03 13:00:00,259.76283734741605,13,1
2012-01-03 14:00:00,202.64208444425824,14,1
2012-01-03 15:00:00,145.38912118792857,15,1
2012-01-03 16:00:00,159.47663910595816,16,1
2012-01-03 17:00:00,284.0268616375894,17,1
2012-01-03 18:00:00,239.22997244047139,18,1
2012-01-03 19:00:00,212.84170906615793,19,1
2012-01-03 20:00:00,147.22340550512004,20,1
2012-01-03 21:00:00,171.4059483708255,21,1
2012-01-03 22:00:00,215.63991874513286,22,1
2012-01-03 23:00:00,232.7914579575429,23,1
2012-01-04 00:00:00,214.1198698470544,0,2
2012-01-04 01:00:00,196.71518652261327,1,2
2012-01-04 02:00:00,254.27706957698192,2,2
2012-01-04 03:00:00,244.58532112689088,3,2
2012-01-04 04:00:00,156.95509343780873,4,2
2012-01-04 05:00:00,188.50763453111725,5,2
2012-01-04 06:00:00,206.00171433756515,6,2
2012-01-04 07:00:00,209.48161611434577,7,2
2012-01-04 08:00:00,151.83735034884114,8,2
2012-01-04 09:00:00,204.2731091771548,9,2
2012-01-04 10:00:00,235.9767147904426,10,2
2012-01-04 11:00:00,123.1103275912595,11,2
2012-01-04 12:00:00,153.45095836887208,12,2
2012-01-04 13:00:00,192.08505035035097,13,2
2012-01-04 14:00:00,175.14600739973596,14,2
2012-01-04 15:00:00,187.7997966983586,15,2
2012-01-04 16:00:00,142.71018579318925,16,2
2012-01-04 17:00:00,238.91955296188968,17,2
2012-01-04 18:00:00,195.4692376109657,18,2
2012-01-04 19:00:00,205.08624237708807,19,2
2012-01-04 20:00:00,244.1645444697007,20,2
2012-01-04 21:00:00,178.96601696454664,21,2
2012-01-04 22:00:00,267.3182760272912,22,2
2012-01-04 23:00:00,207.0946693076916,23,2
2012-01-05 00:00:00,185.64955635027755,0,3
2012-01-05 01:00:00,276.4988782526323,1,3
2012-01-05 02:00:00,226.9002781136019,2,3
2012-01-05 03:00:00,267.99545864743783,3,3
2012-01-05 04:00:00,225.96164800291746,4,3
2012-01-05 05:00:00,227.2482806146245,5,3
2012-01-05 06:00:00,264.87685800170044,6,3
2012-01-05 07:00:00,189.68710853138487,7,3
2012-01-05 08:00:00,215.1451129560268,8,3
2012-01-05 09:00:00,187.51738195371993,9,3
2012-01-05 10:00:00,209.33909516998972,10,3
2012-01-05 11:00:00,195.03041991611667,11,3
2012-01-05 12:00:00,144.46204508391318,12,3
2012-01-05 13:00:00,142.48175709731996,13,3
2012-01-05 14:00:00,143.75380350419965,14,3
2012-01-05 15:00:00,227.26833624869195,15,3
2012-01-05 16:00:00,221.16748735360704,16,3
2012-01-05 17:00:00,223.9515139055406,17,3
2012-01-05 18:00:00,197.55363742186043,18,3
2012-01-05 19:00:00,128.92935907951255,19,3
2012-01-05 20:00:00,291.1810279659877,20,3
2012-01-05 21:00:00,211.50048766546362,21,3
2012-01-05 22:00:00,207.52104733196538,22,3
2012-01-05 23:00:00,277.4396799900383,23,3
2012-01-06 00:00:00,162.4714995832224,0,4
2012-01-06 01:00:00,191.84296193402665,1,4
2012-01-06 02:00:00,145.69040289721468,2,4
2012-01-06 03:00:00,201.7223558866982,3,4
2012-01-06 04:00:00,155.63937704481364,4,4
2012-01-06 05:00:00,210.27673689879666,5,4
2012-01-06 06:00:00,205.7789616317327,6,4
2012-01-06 07:00:00,196.43674651818634,7,4
2012-01-06 08:00:00,192.79081931708936,8,4
2012-01-06 09:00:00,203.45024692563783,9,4
2012-01-06 10:00:00,199.933349064527,10,4
2012-01-06 11:00:00,196.10031776218787,11,4
2012-01-06 12:00:00,214.48822934521846,12,4
2012-01-06 13:00:00,221.39538278957932,13,4
2012-01-06 14:00:00,199.30298686940478,14,4
2012-01-06 15:00:00,213.36244545216002,15,4
2012-01-06 16:00:00,246.59502607886728,16,4
2012-01-06 17:00:00,206.95098759733904,17,4
2012-01-06 18:00:00,183.20677624334473,18,4
2012-01-06 19:00:00,182.94497825695163,19,4
2012-01-06 20:00:00,280.8412649383308,20,4
2012-01-06 21:00:00,213.9211033342261,21,4
2012-01-06 22:00:00,192.03845898754636,22,4
2012-01-06 23:00:00,244.1584774219109,23,4
2012-01-07 00:00:00,169.7555921820716,0,5
2012-01-07 01:00:00,142.15189066471305,1,5
2012-01-07 02:00:00,230.93526962847946,2,5
2012-01-07 03:00:00,201.9397202714261,3,5
2012-01-07 04:00:00,188.0828042232328,4,5
2012-01-07 05:00:00,201.87714184174783,5,5
2012-01-07 06:00:00,181.6717817689172,6,5
2012-01-07 07:00:00,213.1727077591251,7,5
2012-01-07 08:00:00,151.253227602231,8,5
2012-01-07 09:00:00,161.9298298908442,9,5
2012-01-07 10:00:00,236.28160826323673,10,5
2012-01-07 11:00:00,132.11250439267894,11,5
2012-01-07 12:00:00,193.15184974309005,12,5
2012-01-07 13:00:00,187.65061658615704,13,5
2012-01-07 14:00:00,225.64208770096246,14,5
2012-01-07 15:00:00,151.25349114101243,15,5
2012-01-07 16:00:00,221.40149404571144,16,5
2012-01-07 17:00:00,190.9066776164512,17,5
2012-01-07 18:00:00,194.16367752708308,18,5
2012-01-07 19:00:00,173.3898642578952,19,5
2012-01-07 20:00:00,214.32245463009974,20,5
2012-01-07 21:00:00,156.72141946584475,21,5
2012-01-07 22:00:00,177.8676932930131,22,5
2012-01-07 23:00:00,245.0546614715291,23,5
2012-01-08 00:00:00,267.2941804527465,0,6
2012-01-08 01:00:00,171.9953589256446,1,6
2012-01-08 02:00:00,269.9812221402588,2,6
2012-01-08 03:00:00,211.25678867971797,3,6
2012-01-08 04:00:00,209.10661560988174,4,6
2012-01-08 05:00:00,189.1096741486218,5,6
2012-01-08 06:00:00,184.15647356847364,6,6
2012-01-08 07:00:00,146.31656337646137,7,6
2012-01-08 08:00:00,233.87865273535277,8,6
2012-01-08 09:00:00,231.19426411942078,9,6
2012-01-08 10:00:00,200.38115220212214,10,6
2012-01-08 11:00:00,197.9065658028411,11,6
2012-01-08 12:00:00,193.03978521842882,12,6
2012-01-08 13:00:00,204.58056816339243,13,6
2012-01-08 14:00:00,251.75130398262417,14,6
2012-01-08 15:00:00,232.86082315175128,15,6
2012-01-08 16:00:00,171.2309259134206,16,6
2012-01-08 17:00:00,190.11497266312384,17,6
2012-01-08 18:00:00,148.55866251989207,18,6
2012-01-08 19:00:00,245.10538241075506,19,6
2012-01-08 20:00:00,274.86094557852914,20,6
2012-01-08 21:00:00,217.21105376386313,21,6
2012-01-08 22:00:00,153.31053667043975,22,6
2012-01-08 23:00:00,215.41155516540692,23,6
2012-01-09 00:00:00,282.102068952264,0,0
2012-01-09 01:00:00,276.63515972936557,1,0
2012-01-09 02:00:00,230.54468317903127,2,0
2012-01-09 03:00:00,230.85855466822755,3,0
2012-01-09 04:00:00,242.3472273747506,4,0
2012-01-09 05:00:00,250.10430674396272,5,0
2012-01-09 06:00:00,196.4817396853177,6,0
2012-01-09 07:00:00,214.34415696005624,7,0
2012-01-09 08:00:00,212.3402800969976,8,0
2012-01-09 09:00:00,264.73075853282893,9,0
2012-01-09 10:00:00,231.32068082441137,10,0
2012-01-09 11:00:00,224.95244006797594,11,0
2012-01-09 12:00:00,279.6913390869213,12,0
2012-01-09 13:00:00,197.62187761777307,13,0
2012-01-09 14:00:00,215.82323577176226,14,0
2012-01-09 15:00:00,241.91458555296492,15,0
2012-01-09 16:00:00,202.427951907899,16,0
2012-01-09 17:00:00,239.9233213397233,17,0
2012-01-09 18:00:00,180.9525219020127,18,0
2012-01-09 19:00:00,172.83364252584207,19,0
2012-01-09 20:00:00,255.97864924972154,20,0
2012-01-09 21:00:00,248.6016571521784,21,0
2012-01-09 22:00:00,272.8675473711377,22,0
2012-01-09 23:00:00,253.96543205387664,23,0
2012-01-10 00:00:00,198.0922343353794,0,1
2012-01-10 01:00:00,183.46006883308374,1,1
2012-01-10 02:00:00,182.61753450329851,2,1
2012-01-10 03:00:00,239.1645923547811,3,1
2012-01-10 04:00:00,147.18858597378699,4,1
2012-01-10 05:00:00,145.29624910850663,5,1
2012-01-10 06:00:00,123.88693515871442,6,1
2012-01-10 07:00:00,251.2301909526258,7,1
2012-01-10 08:00:00,244.43455439408856,8,1
2012-01-10 09:00:00,150.48109602068024,9,1
2012-01-10 10:00:00,258.62557391296633,10,1
2012-01-10 11:00:00,259.658355215964,11,1
2012-01-10 12:00:00,266.83800024265065,12,1
2012-01-10 13:00:00,151.00192135990628,13,1
2012-01-10 14:00:00,161.19087492460173,14,1
2012-01-10 15:00:00,158.1151627273938,15,1
2012-01-10 16:00:00,175.00006443750672,16,1
2012-01-10 17:00:00,202.76173292046474,17,1
2012-01-10 18:00:00,234.35221180660614,18,1
2012-01-10 19:00:00,151.13847815680754,19,1
2012-01-10 20:00:00,145.1656264680514,20,1
2012-01-10 21:00:00,141.54186113566533,21,1
2012-01-10 22:00:00,190.2941141763766,22,1
2012-01-10 23:00:00,212.62035522504132,23,1
2012-01-11 00:00:00,263.5050201453429,0,2
2012-01-11 01:00:00,167.4140701078121,1,2
2012-01-11 02:00:00,157.07564456637786,2,2
2012-01-11 03:00:00,236.33422004184027,3,2
2012-01-11 04:00:00,226.69205070770212,4,2
2012-01-11 05:00:00,199.55288523959214,5,2
2012-01-11 06:00:00,183.5340138721787,6,2
2012-01-11 07:00:00,208.71343112546367,7,2
2012-01-11 08:00:00,217.92099470596423,8,2
2012-01-11 09:00:00,213.5958190052645,9,2
2012-01-11 10:00:00,206.71364718032027,10,2
2012-01-11 11:00:00,187.91748275575182,11,2
2012-01-11 12:00:00,229.12892748758375,12,2
2012-01-11 13:00:00,222.5520706279516,13,2
2012-01-11 14:00:00,226.8445027204984,14,2
2012-01-11 15:00:00,214.81482797679655,15,2
2012-01-11 16:00:00,233.27878827454046,16,2
2012-01-11 17:00:00,222.88631318140452,17,2
2012-01-11 18:00:00,220.8328006941261,18,2
2012-01-11 19:00:00,181.07137037898931,19,2
2012-01-11 20:00:00,167.16831519662293,20,2
2012-01-11 21:00:00,191.59767327640398,21,2
2012-01-11 22:00:00,179.41233593787976,22,2
2012-01-11 23:00:00,181.7405068083036,23,2
2012-01-12 00:00:00,212.05330574453947,0,3
2012-01-12 01:00:00,144.2711606924853,1,3
2012-01-12 02:00:00,250.2243621696053,2,3
2012-01-12 03:00:00,188.1420995049561,3,3
2012-01-12 04:00:00,229.2483617633205,4,3
2012-01-12 05:00:00,164.9854666338392,5,3
2012-01-12 06:00:00,214.60688226646445,6,3
2012-01-12 07:00:00,178.55413061241998,7,3
2012-01-12 08:00:00,260.45037657774765,8,3
2012-01-12 09:00:00,264.7864527021243,9,3
2012-01-12 10:00:00,162.07414995533782,10,3
2012-01-12 11:00:00,212.40176388084615,11,3
2012-01-12 12:00:00,158.31918474541573,12,3
2012-01-12 13:00:00,262.6445136191525,13,3
2012-01-12 14:00:00,144.58827747989542,14,3
2012-01-12 15:00:00,185.5655803087198,15,3
2012-01-12 16:00:00,217.11872469889883,16,3
2012-01-12 17:00:00,230.61922267315043,17,3
2012-01-12 18:00:00,218.18508750636363,18,3
2012-01-12 19:00:00,150.3313895178768,19,3
2012-01-12 20:00:00,119.48869366348475,20,3
2012-01-12 21:00:00,227.79346899682082,21,3
2012-01-12 22:00:00,232.69306921448265,22,3
2012-01-12 23:00:00,172.8545103123978,23,3
2012-01-13 00:00:00,210.46135955485713,0,4
2012-01-13 01:00:00,197.50060898510256,1,4
2012-01-13 02:00:00,201.4649190857056,2,4
2012-01-13 03:00:00,169.0265485281482,3,4
2012-01-13 04:00:00,144.47996159158086,4,4
2012-01-13 05:00:00,183.83334142996964,5,4
2012-01-13 06:00:00,214.74137870059695,6,4
2012-01-13 07:00:00,183.90048794303667,7,4
2012-01-13 08:00:00,128.04581680586915,8,4
2012-01-13 09:00:00,237.42695425089005,9,4
2012-01-13 10:00:00,254.74648143254137,10,4
2012-01-13 11:00:00,240.80186143847905,11,4
2012-01-13 12:00:00,171.61591641360417,12,4
2012-01-13 13:00:00,164.46697906788324,13,4
2012-01-13 14:00:00,179.8002443475868,14,4
2012-01-13 15:00:00,207.49975879530137,15,4
2012-01-13 16:00:00,170.6788977119603,16,4
2012-01-13 17:00:00,165.22990019577742,17,4
2012-01-13 18:00:00,160.74503334733467,18,4
2012-01-13 19:00:00,164.69540938316499,19,4
2012-01-13 20:00:00,211.36588534264726,20,4
2012-01-13 21:00:00,190.30444536237874,21,4
2012-01-13 22:00:00,240.16468321390104,22,4
2012-01-13 23:00:00,186.94974183715985,23,4
2012-01-14 00:00:00,209.0301721223821,0,5
2012-01-14 01:00:00,206.58964687506273,1,5
2012-01-14 02:00:00,220.61821324287104,2,5
2012-01-14 03:00:00,192.6446008869196,3,5
2012-01-14 04:00:00,187.95509579784067,4,5
2012-01-14 05:00:00,199.41471008146718,5,5
2012-01-14 06:00:00,197.42094258021424,6,5
2012-01-14 07:00:00,183.97289182601327,7,5
2012-01-14 08:00:00,216.63747312882887,8,5
2012-01-14 09:00:00,197.85146794595843,9,5
2012-01-14 10:00:00,180.76124645220375,10,5
2012-01-14 11:00:00,256.7803600717848,11,5
2012-01-14 12:00:00,179.31299742670117,12,5
2012-01-14 13:00:00,212.0162094457041,13,5
2012-01-14 14:00:00,232.99610927995454,14,5
2012-01-14 15:00:00,256.44044559518545,15,5
2012-01-14 16:00:00,160.06913068082352,16,5
2012-01-14 17:00:00,181.6830023346334,17,5
2012-01-14 18:00:00,210.30586552726072,18,5
2012-01-14 19:00:00,192.38896399063557,19,5
2012-01-14 20:00:00,194.90215455186717,20,5
2012-01-14 21:00:00,212.30701701420395,21,5
2012-01-14 22:00:00,155.5583925962751,22,5
2012-01-14 23:00:00,176.20744817913135,23,5
2012-01-15 00:00:00,205.6175288379891,0,6
2012-01-15 01:00:00,197.9215042428332,1,6
2012-01-15 02:00:00,266.2572640426106,2,6
2012-01-15 03:00:00,262.7492310717951,3,6
2012-01-15 04:00:00,260.33183334069525,4,6
2012-01-15 05:00:00,231.3522540879074,5,6
2012-01-15 06:00:00,228.19238649957467,6,6
2012-01-15 07:00:00,186.95977150274962,7,6
2012-01-15 08:00:00,186.39603541412825,8,6
2012-01-15 09:00:00,203.07404035804728,9,6
2012-01-15 10:00:00,183.67928359170656,10,6
2012-01-15 11:00:00,141.67638245652793,11,6
2012-01-15 12:00:00,233.4126527711589,12,6
2012-01-15 13:00:00,224.1010728335979,13,6
2012-01-15 14:00:00,275.6080975282024,14,6
2012-01-15 15:00:00,246.26852928151067,15,6
2012-01-15 16:00:00,189.20548501627735,16,6
2012-01-15 17:00:00,192.38501582644116,17,6
2012-01-15 18:00:00,223.77965402473478,18,6
2012-01-15 19:00:00,161.06554355114125,19,6
2012-01-15 20:00:00,140.46250479558117,20,6
2012-01-15 21:00:00,137.50583768074904,21,6
2012-01-15 22:00:00,270.054949797949,22,6
2012-01-15 23:00:00,233.36314827803682,23,6
2012-01-16 00:00:00,121.53842132516372,0,0
2012-01-16 01:00:00,257.87876914181663,1,0
2012-01-16 02:00:00,278.22700869249405,2,0
2012-01-16 03:00:00,203.1518284980341,3,0
2012-01-16 04:00:00,182.0237853711382,4,0
2012-01-16 05:00:00,190.90558805279838,5,0
2012-01-16 06:00:00,190.42295418405726,6,0
2012-01-16 07:00:00,201.22673008242654,7,0
2012-01-16 08:00:00,243.23317064531636,8,0
2012-01-16 09:00:00,253.5162065796386,9,0
2012-01-16 10:00:00,232.36244429266728,10,0
2012-01-16 11:00:00,241.97991055664104,11,0
2012-01-16 12:00:00,213.25850842647498,12,0
2012-01-16 13:00:00,219.48631026796463,13,0
2012-01-16 14:00:00,237.44697891368355,14,0
2012-01-16 15:00:00,222.06907504117902,15,0
2012-01-16 16:00:00,221.95777525927625,16,0
2012-01-16 17:00:00,202.34541018098585,17,0
2012-01-16 18:00:00,189.40035374290582,18,0
2012-01-16 19:00:00,187.74861690099127,19,0
2012-01-16 20:00:00,200.64208959969247,20,0
2012-01-16 21:00:00,270.73300405173416,21,0
2012-01-16 22:00:00,278.69384330154924,22,0
2012-01-16 23:00:00,233.92984828581643,23,0
2012-01-17 00:00:00,244.13926996372797,0,1
2012-01-17 01:00:00,132.0714996613398,1,1
2012-01-17 02:00:00,186.11810614909152,2,1
2012-01-17 03:00:00,152.19021424423588,3,1
2012-01-17 04:00:00,231.8647621307698,4,1
2012-01-17 05:00:00,249.1194909988132,5,1
2012-01-17 06:00:00,239.73857879020207,6,1
2012-01-17 07:00:00,144.8861730372466,7,1
2012-01-17 08:00:00,163.68227687424675,8,1
2012-01-17 09:00:00,165.83473038016444,9,1
2012-01-17 10:00:00,180.99532256332384,10,1
2012-01-17 11:00:00,142.0208552111933,11,1
2012-01-17 12:00:00,203.9256851963263,12,1
2012-01-17 13:00:00,171.31518180236722,13,1
2012-01-17 14:00:00,229.27400426295185,14,1
2012-01-17 15:00:00,234.391589102156,15,1
2012-01-17 16:00:00,173.7095155978434,16,1
2012-01-17 17:00:00,275.0692065644405,17,1
2012-01-17 18:00:00,244.4052430665249,18,1
2012-01-17 19:00:00,235.93523603664147,19,1
2012-01-17 20:00:00,208.90853385192545,20,1
2012-01-17 21:00:00,195.13304966275945,21,1
2012-01-17 22:00:00,177.26432386809884,22,1
2012-01-17 23:00:00,209.1140491853778,23,1
2012-01-18 00:00:00,181.90219797333197,0,2
2012-01-18 01:00:00,259.69954337167985,1,2
2012-01-18 02:00:00,209.95802726484766,2,2
2012-01-18 03:00:00,201.00697850891822,3,2
2012-01-18 04:00:00,178.95068293085936,4,2
2012-01-18 05:00:00,210.4293103731883,5,2
2012-01-18 06:00:00,202.8614752702496,6,2
2012-01-18 07:00:00,253.1078877207032,7,2
2012-01-18 08:00:00,182.46605408545187,8,2
2012-01-18 09:00:00,207.64431031161163,9,2
2012-01-18 10:00:00,240.38331958401702,10,2
2012-01-18 11:00:00,151.65999198808302,11,2
2012-01-18 12:00:00,169.69088388046683,12,2
2012-01-18 13:00:00,261.0308764079702,13,2
2012-01-18 14:00:00,283.17685084444037,14,2
2012-01-18 15:00:00,199.5232165075783,15,2
2012-01-18 16:00:00,179.64062081111405,16,2
2012-01-18 17:00:00,198.38134184270427,17,2
2012-01-18 18:00:00,238.37423577488957,18,2
2012-01-18 19:00:00,228.0276258374488,19,2
2012-01-18 20:00:00,127.6267087728369,20,2
2012-01-18 21:00:00,191.61639986022027,21,2
2012-01-18 22:00:00,236.0896288238555,22,2
2012-01-18 23:00:00,225.3706835268139,23,2
2012-01-19 00:00:00,197.76978952760138,0,3
2012-01-19 01:00:00,212.04319291758685,1,3
2012-01-19 02:00:00,186.5010553929112,2,3
2012-01-19 03:00:00,195.00040517171885,3,3
2012-01-19 04:00:00,185.30199106691273,4,3
2012-01-19 05:00:00,169.0117618070359,5,3
2012-01-19 06:00:00,152.32506257320136,6,3
2012-01-19 07:00:00,252.21911410744903,7,3
2012-01-19 08:00:00,203.6813917251957,8,3
2012-01-19 09:00:00,221.71684183781628,9,3
2012-01-19 10:00:00,211.3936490314594,10,3
2012-01-19 11:00:00,231.08794883726478,11,3
2012-01-19 12:00:00,235.66583252633245,12,3
2012-01-19 13:00:00,219.50207824408972,13,3
2012-01-19 14:00:00,214.57655596974166,14,3
2012-01-19 15:00:00,214.3120358800781,15,3
2012-01-19 16:00:00,211.36137694358294,16,3
2012-01-19 17:00:00,200.6552622197574,17,3
2012-01-19 18:00:00,217.78718771950696,18,3
2012-01-19 19:00:00,185.48119830964345,19,3
2012-01-19 20:00:00,282.00526826104453,20,3
2012-01-19 21:00:00,222.31390639839853,21,3
2012-01-19 22:00:00,196.83215597906235,22,3
2012-01-19 23:00:00,212.07977149609786,23,3
2012-01-20 00:00:00,145.52403717540446,0,4
2012-01-20 01:00:00,193.87598185522396,1,4
2012-01-20 02:00:00,207.67129597793624,2,4
2012-01-20 03:00:00,222.6633264593828,3,4
2012-01-20 04:00:00,175.04204820214093,4,4
2012-01-20 05:00:00,154.63374886681078,5,4
2012-01-20 06:00:00,176.3262230929974,6,4
2012-01-20 07:00:00,196.3355762960494,7,4
2012-01-20 08:00:00,172.4556816309815,8,4
2012-01-20 09:00:00,285.614202941441,9,4
2012-01-20 10:00:00,151.6734536483494,10,4
2012-01-20 11:00:00,163.29883579841126,11,4
2012-01-20 12:00:00,187.4429301307897,12,4
2012-01-20 13:00:00,172.4455545752886,13,4
2012-01-20 14:00:00,157.77737505978584,14,4
2012-01-20 15:00:00,151.48143200322508,15,4
2012-01-20 16:00:00,222.0363651129698,16,4
2012-01-20 17:00:00,203.8432002548164,17,4
2012-01-20 18:00:00,251.52383664705462,18,4
2012-01-20 19:00:00,184.56720450666825,19,4
2012-01-20 20:00:00,189.29300506026846,20,4
2012-01-20 21:00:00,197.37474822674912,21,4
2012-01-20 22:00:00,207.98130063948506,22,4
2012-01-20 23:00:00,216.49069050216923,23,4
2012-01-21 00:00:00,191.13092002295716,0,5
2012-01-21 01:00:00,205.42358364791406,1,5
2012-01-21 02:00:00,163.43760802393368,2,5
2012-01-21 03:00:00,198.18788364888886,3,5
2012-01-21 04:00:00,214.87050563886962,4,5
2012-01-21 05:00:00,188.62052316755057,5,5
2012-01-21 06:00:00,202.18424375295126,6,5
2012-01-21 07:00:00,197.96930912700816,7,5
2012-01-21 08:00:00,196.32734257884874,8,5
2012-01-21 09:00:00,204.23525416126603,9,5
2012-01-21 10:00:00,191.11271985479942,10,5
2012-01-21 11:00:00,223.1633554719174,11,5
2012-01-21 12:00:00,184.80284578810327,12,5
2012-01-21 13:00:00,213.57973983023797,13,5
2012-01-21 14:00:00,188.18873032301252,14,5
2012-01-21 15:00:00,219.1973383688854,15,5
2012-01-21 16:00:00,251.93957992095847,16,5
2012-01-21 17:00:00,236.58976643350846,17,5
2012-01-21 18:00:00,255.7361486989281,18,5
2012-01-21 19:00:00,262.11318341217213,19,5
2012-01-21 20:00:00,258.8418651241927,20,5
2012-01-21 21:00:00,151.4411343809203,21,5
2012-01-21 22:00:00,273.15566710170043,22,5
2012-01-21 23:00:00,145.1295740290268,23,5
2012-01-22 00:00:00,159.69864506468306,0,6
2012-01-22 01:00:00,155.9757663443963,1,6
2012-01-22 02:00:00,272.4224775328644,2,6
2012-01-22 03:00:00,140.29792289206952,3,6
2012-01-22 04:00:00,285.94659362883357,4,6
2012-01-22 05:00:00,196.15159457087927,5,6
2012-01-22 06:00:00,146.34758530450216,6,6
2012-01-22 07:00:00,234.6451258617637,7,6
2012-01-22 08:00:00,193.88406617612497,8,6
2012-01-22 09:00:00,205.75534947707797,9,6
2012-01-22 10:00:00,211.0437559286739,10,6
2012-01-22 11:00:00,178.82591171851914,11,6
2012-01-22 12:00:00,157.9164511781703,12,6
2012-01-22 13:00:00,229.3863728166067,13,6
2012-01-22 14:00:00,270.17412653869235,14,6
2012-01-22 15:00:00,249.356263388626,15,6
2012-01-22 16:00:00,309.50781252788585,16,6
2012-01-22 17:00:00,185.65403056800957,17,6
2012-01-22 18:00:00,190.18356097749958,18,6
2012-01-22 19:00:00,183.750663636236,19,6
2012-01-22 20:00:00,296.14791011429844,20,6
2012-01-22 21:00:00,206.9097619930462,21,6
2012-01-22 22:00:00,205.9322133303613,22,6
2012-01-22 23:00:00,247.99096336621307,23,6
2012-01-23 00:00:00,261.0872603273801,0,0
2012-01-23 01:00:00,271.2204297329188,1,0
2012-01-23 02:00:00,269.5636340590642,2,0
2012-01-23 03:00:00,141.14661168358577,3,0
2012-01-23 04:00:00,264.8775839338468,4,0
2012-01-23 05:00:00,204.9948839042571,5,0
2012-01-23 06:00:00,181.65030979923918,6,0
2012-01-23 07:00:00,183.26545574416693,7,0
2012-01-23 08:00:00,251.83453041891025,8,0
2012-01-23 09:00:00,224.15116481937375,9,0
2012-01-23 10:00:00,181.66001140745047,10,0
2012-01-23 11:00:00,168.39039732413966,11,0
2012-01-23 12:00:00,242.6145584532111,12,0
2012-01-23 13:00:00,118.2235133329472,13,0
2012-01-23 14:00:00,230.07085164244668,14,0
2012-01-23 15:00:00,192.59217537268415,15,0
2012-01-23 16:00:00,283.0910437703864,16,0
2012-01-23 17:00:00,238.06610898345275,17,0
2012-01-23 18:00:00,224.85305389439702,18,0
2012-01-23 19:00:00,231.63867111628267,19,0
2012-01-23 20:00:00,289.2937504413258,20,0
2012-01-23 21:00:00,177.73965211427947,21,0
2012-01-23 22:00:00,249.94659658612355,22,0
2012-01-23 23:00:00,242.2681765349312,23,0
2012-01-24 00:00:00,206.1238503987921,0,1
2012-01-24 01:00:00,210.1124679404903,1,1
2012-01-24 02:00:00,211.21060577093291,2,1
2012-01-24 03:00:00,203.8978705459231,3,1
2012-01-24 04:00:00,132.28600604529242,4,1
2012-01-24 05:00:00,256.54491886063556,5,1
2012-01-24 06:00:00,277.1917209813576,6,1
2012-01-24 07:00:00,139.15508412317067,7,1
2012-01-24 08:00:00,254.57882918789838,8,1
2012-01-24 09:00:00,183.6634839826056,9,1
2012-01-24 10:00:00,173.125591827167,10,1
2012-01-24 11:00:00,229.52661680443555,11,1
2012-01-24 12:00:00,234.4416744357646,12,1
2012-01-24 13:00:00,212.32916277145566,13,1
2012-01-24 14:00:00,260.534619434675,14,1
2012-01-24 15:00:00,227.2154285767781,15,1
2012-01-24 16:00:00,227.314443603644,16,1
2012-01-24 17:00:00,289.0965399833843,17,1
2012-01-24 18:00:00,239.999235760191,18,1
2012-01-24 19:00:00,221.69275730045075,19,1
2012-01-24 20:00:00,216.33872305168535,20,1
2012-01-24 21:00:00,216.70105101977973,21,1
2012-01-24 22:00:00,281.92650996046194,22,1
2012-01-24 23:00:00,239.80107973021734,23,1
2012-01-25 00:00:00,273.3343036217464,0,2
2012-01-25 01:00:00,252.67762673481852,1,2
2012-01-25 02:00:00,251.33300546832487,2,2
2012-01-25 03:00:00,273.0702338052268,3,2
2012-01-25 04:00:00,271.2708999788499,4,2
2012-01-25 05:00:00,206.40052106002113,5,2
2012-01-25 06:00:00,197.3277571713569,6,2
2012-01-25 07:00:00,203.6308745810716,7,2
2012-01-25 08:00:00,168.77662266192502,8,2
2012-01-25 09:00:00,139.6942240266458,9,2
2012-01-25 10:00:00,216.1449022692247,10,2
2012-01-25 11:00:00,210.522314729192,11,2
2012-01-25 12:00:00,146.75403968208178,12,2
2012-01-25 13:00:00,186.29566348367368,13,2
2012-01-25 14:00:00,153.05238315736233,14,2
2012-01-25 15:00:00,266.3112835303014,15,2
2012-01-25 16:00:00,241.08534131228754,16,2
2012-01-25 17:00:00,233.75526221279378,17,2
2012-01-25 18:00:00,256.519241713058,18,2
2012-01-25 19:00:00,193.74637322616388,19,2
2012-01-25 20:00:00,272.21400258002444,20,2
2012-01-25 21:00:00,299.46905951880547,21,2
2012-01-25 22:00:00,237.6115236871311,22,2
2012-01-25 23:00:00,230.0933940083052,23,2
2012-01-26 00:00:00,235.55112804376117,0,3
2012-01-26 01:00:00,203.40529494891013,1,3
2012-01-26 02:00:00,284.00167064522424,2,3
2012-01-26 03:00:00,142.6874382533638,3,3
2012-01-26 04:00:00,254.40679323015942,4,3
2012-01-26 05:00:00,152.60295693418885,5,3
2012-01-26 06:00:00,151.0916212207816,6,3
2012-01-26 07:00:00,271.2952440147673,7,3
2012-01-26 08:00:00,157.59307923159673,8,3
2012-01-26 09:00:00,228.68284470691503,9,3
2012-01-26 10:00:00,197.5642258118138,10,3
2012-01-26 11:00:00,151.9728555958684,11,3
2012-01-26 12:00:00,206.47740676828928,12,3
2012-01-26 13:00:00,221.36583854203104,13,3
2012-01-26 14:00:00,185.89955197965241,14,3
2012-01-26 15:00:00,154.57940912329255,15,3
2012-01-26 16:00:00,176.03237814098898,16,3
2012-01-26 17:00:00,185.83863774405614,17,3
2012-01-26 18:00:00,212.43862382181248,18,3
2012-01-26 19:00:00,216.30729978909594,19,3
2012-01-26 20:00:00,173.61205906030165,20,3
2012-01-26 21:00:00,235.938047398214,21,3
2012-01-26 22:00:00,285.83144324989803,22,3
2012-01-26 23:00:00,168.87200796980466,23,3
2012-01-27 00:00:00,231.70610946489936,0,4
2012-01-27 01:00:00,206.88287088526104,1,4
2012-01-27 02:00:00,202.10432603669702,2,4
2012-01-27 03:00:00,250.65240188830543,3,4
2012-01-27 04:00:00,248.94422919721447,4,4
2012-01-27 05:00:00,257.15769836816355,5,4
2012-01-27 06:00:00,144.45127490403866,6,4
2012-01-27 07:00:00,193.08684140772556,7,4
2012-01-27 08:00:00,204.9470009756081,8,4
2012-01-27 09:00:00,178.4401542824913,9,4
2012-01-27 10:00:00,213.8035102703356,10,4
2012-01-27 11:00:00,272.52698630062594,11,4
2012-01-27 12:00:00,257.9539207713501,12,4
2012-01-27 13:00:00,136.89279946575726,13,4
2012-01-27 14:00:00,146.5582440397904,14,4
2012-01-27 15:00:00,246.6785704361578,15,4
2012-01-27 16:00:00,316.26634304094665,16,4
2012-01-27 17:00:00,226.84407843246166,17,4
2012-01-27 18:00:00,206.7599878005666,18,4
2012-01-27 19:00:00,219.56007778450166,19,4
2012-01-27 20:00:00,272.6747122022617,20,4
2012-01-27 21:00:00,243.33346540914215,21,4
2012-01-27 22:00:00,164.20790400755482,22,4
2012-01-27 23:00:00,134.92625272793038,23,4
2012-01-28 00:00:00,200.70559698074777,0,5
2012-01-28 01:00:00,191.88495026954647,1,5
2012-01-28 02:00:00,206.86129505025647,2,5
2012-01-28 03:00:00,255.10671821856744,3,5
2012-01-28 04:00:00,141.41519276243156,4,5
2012-01-28 05:00:00,243.1317324741653,5,5
2012-01-28 06:00:00,233.11089961876388,6,5
2012-01-28 07:00:00,148.3412796763615,7,5
2012-01-28 08:00:00,221.62253355537229,8,5
2012-01-28 09:00:00,219.93964022991076,9,5
2012-01-28 10:00:00,158.69336653470486,10,5
2012-01-28 11:00:00,188.36504710598575,11,5
2012-01-28 12:00:00,279.58177987188714,12,5
2012-01-28 13:00:00,124.45974244026957,13,5
2012-01-28 14:00:00,218.38467749833387,14,5
2012-01-28 15:00:00,219.1002913446249,15,5
2012-01-28 16:00:00,303.70767685753856,16,5
2012-01-28 17:00:00,216.1017386600998,17,5
2012-01-28 18:00:00,218.01953836686917,18,5
2012-01-28 19:00:00,151.00844003561144,19,5
2012-01-28 20:00:00,222.60692742291963,20,5
2012-01-28 21:00:00,192.83670519408605,21,5
2012-01-28 22:00:00,300.7665065010306,22,5
2012-01-28 23:00:00,186.24115137016304,23,5
2012-01-29 00:00:00,170.8443792374047,0,6
2012-01-29 01:00:00,171.4492650957835,1,6
2012-01-29 02:00:00,187.13218083970762,2,6
2012-01-29 03:00:00,154.96234298415584,3,6
2012-01-29 04:00:00,198.20563098295904,4,6
2012-01-29 05:00:00,241.03921396693087,5,6
2012-01-29 06:00:00,151.5344384243229,6,6
2012-01-29 07:00:00,214.01681071558482,7,6
2012-01-29 08:00:00,213.34950189195345,8,6
2012-01-29 09:00:00,163.6470726611788,9,6
2012-01-29 10:00:00,203.75476926478157,10,6
2012-01-29 11:00:00,276.1699935555172,11,6
2012-01-29 12:00:00,212.2100751493873,12,6
2012-01-29 13:00:00,201.5081883177089,13,6
2012-01-29 14:00:00,197.25767235396637,14,6
2012-01-29 15:00:00,154.30046432382744,15,6
2012-01-29 16:00:00,177.0009887404046,16,6
2012-01-29 17:00:00,132.28826385812275,17,6
2012-01-29 18:00:00,150.26016027759925,18,6
2012-01-29 19:00:00,215.17378778976533,19,6
2012-01-29 20:00:00,183.46100802805398,20,6
2012-01-29 21:00:00,166.518991044568,21,6
2012-01-29 22:00:00,129.8432890502205,22,6
2012-01-29 23:00:00,156.23362500744233,23,6
2012-01-30 00:00:00,234.33950939752233,0,0
2012-01-30 01:00:00,279.7128198799181,1,0
2012-01-30 02:00:00,226.19087389404945,2,0
2012-01-30 03:00:00,207.7679063729572,3,0
2012-01-30 04:00:00,190.21062488660337,4,0
2012-01-30 05:00:00,208.5305767944704,5,0
2012-01-30 06:00:00,255.12029145581616,6,0
2012-01-30 07:00:00,199.91365446784621,7,0
2012-01-30 08:00:00,211.1227494656752,8,0
2012-01-30 09:00:00,272.00085246449305,9,0
2012-01-30 10:00:00,202.06097302029346,10,0
2012-01-30 11:00:00,205.64564571429827,11,0
2012-01-30 12:00:00,202.07054239899685,12,0
2012-01-30 13:00:00,160.86981734789117,13,0
2012-01-30 14:00:00,211.80842232628976,14,0
2012-01-30 15:00:00,268.45708348252015,15,0
2012-01-30 16:00:00,233.3553344862517,16,0
2012-01-30 17:00:00,209.16155970911984,17,0
2012-01-30 18:00:00,227.28613399738433,18,0
2012-01-30 19:00:00,234.57072610635984,19,0
2012-01-30 20:00:00,195.69955824508452,20,0
2012-01-30 21:00:00,209.352463377327,21,0
2012-01-30 22:00:00,211.5741675050795,22,0
2012-01-30 23:00:00,181.17283951461883,23,0
2012-01-31 00:00:00,216.19173174952894,0,1
2012-01-31 01:00:00,259.80978155250824,1,1
2012-01-31 02:00:00,249.04749287865567,2,1
2012-01-31 03:00:00,197.1230127718933,3,1
2012-01-31 04:00:00,208.8733583520949,4,1
2012-01-31 05:00:00,242.92091856508497,5,1
2012-01-31 06:00:00,235.37388171243327,6,1
2012-01-31 07:00:00,162.88021844399861,7,1
2012-01-31 08:00:00,219.32473722112212,8,1
2012-01-31 09:00:00,196.98970387991653,9,1
2012-01-31 10:00:00,216.04812928645285,10,1
2012-01-31 11:00:00,207.65406184643817,11,1
2012-01-31 12:00:00,225.84595458086798,12,1
2012-01-31 13:00:00,238.2826734955679,13,1
2012-01-31 14:00:00,154.01133637087224,14,1
2012-01-31 15:00:00,225.29915930103678,15,1
2012-01-31 16:00:00,209.95484454035937,16,1
2012-01-31 17:00:00,173.25678805160146,17,1
2012-01-31 18:00:00,241.98997253919376,18,1
2012-01-31 19:00:00,249.64435774514266,19,1
2012-01-31 20:00:00,244.4571254624505,20,1
2012-01-31 21:00:00,188.88363874895333,21,1
2012-01-31 22:00:00,269.9527135750622,22,1
2012-01-31 23:00:00,210.354629115751,23,1
2012-02-01 00:00:00,238.38578241481488,0,2
2012-02-01 01:00:00,193.25364125492618,1,2
2012-02-01 02:00:00,282.94780683794465,2,2
2012-02-01 03:00:00,153.70756005929326,3,2
2012-02-01 04:00:00,200.65841587693996,4,2
2012-02-01 05:00:00,199.85890439262937,5,2
2012-02-01 06:00:00,167.92717268744008,6,2
2012-02-01 07:00:00,163.84523520843152,7,2
2012-02-01 08:00:00,255.5309814066932,8,2
2012-02-01 09:00:00,237.5596918569008,9,2
2012-02-01 10:00:00,218.88846127368896,10,2
2012-02-01 11:00:00,247.5078638771547,11,2
2012-02-01 12:00:00,201.58639556990352,12,2
2012-02-01 13:00:00,165.9310214227053,13,2
2012-02-01 14:00:00,281.84654064820086,14,2
2012-02-01 15:00:00,126.76409214996484,15,2
2012-02-01 16:00:00,175.38856292931968,16,2
2012-02-01 17:00:00,245.59617980241586,17,2
2012-02-01 18:00:00,202.3330863100502,18,2
2012-02-01 19:00:00,200.25434085591849,19,2
2012-02-01 20:00:00,217.31090122401463,20,2
2012-02-01 21:00:00,210.29539738826435,21,2
2012-02-01 22:00:00,211.24368675911867,22,2
2012-02-01 23:00:00,203.35428371963084,23,2
2012-02-02 00:00:00,208.4836910014671,0,3
2012-02-02 01:00:00,199.44750608958987,1,3
2012-02-02 02:00:00,171.42773139377516,2,3
2012-02-02 03:00:00,164.15628322281876,3,3
2012-02-02 04:00:00,154.89800092201173,4,3
2012-02-02 05:00:00,244.33093035288036,5,3
2012-02-02 06:00:00,185.52774209716227,6,3
2012-02-02 07:00:00,245.0047106195227,7,3
2012-02-02 08:00:00,217.38036893078225,8,3
2012-02-02 09:00:00,235.57953652390825,9,3
2012-02-02 10:00:00,278.3297138998803,10,3
2012-02-02 11:00:00,152.24839868986092,11,3
2012-02-02 12:00:00,153.66041065543521,12,3
2012-02-02 13:00:00,238.59671165755697,13,3
2012-02-02 14:00:00,195.16145835744558,14,3
2012-02-02 15:00:00,194.64928856777283,15,3
2012-02-02 16:00:00,260.03675802402984,16,3
2012-02-02 17:00:00,227.1693272771468,17,3
2012-02-02 18:00:00,225.46814194079715,18,3
2012-02-02 19:00:00,194.71569700367473,19,3
2012-02-02 20:00:00,216.91932780772385,20,3
2012-02-02 21:00:00,186.63620921578223,21,3
2012-02-02 22:00:00,296.6635641555479,22,3
2012-02-02 23:00:00,293.4175310530345,23,3
2012-02-03 00:00:00,160.46694445543523,0,4
2012-02-03 01:00:00,284.1045018092184,1,4
2012-02-03 02:00:00,171.0279526921151,2,4
2012-02-03 03:00:00,171.9339664049378,3,4
2012-02-03 04:00:00,122.38982068060963,4,4
2012-02-03 05:00:00,210.405295360738,5,4
2012-02-03 06:00:00,201.79780561901512,6,4
2012-02-03 07:00:00,173.8567301991426,7,4
2012-02-03 08:00:00,196.64251352354367,8,4
2012-02-03 09:00:00,156.51637669156497,9,4
2012-02-03 10:00:00,176.63219870716802,10,4
2012-02-03 11:00:00,258.84085120850483,11,4
2012-02-03 12:00:00,272.25197922625404,12,4
2012-02-03 13:00:00,275.0001084287288,13,4
2012-02-03 14:00:00,145.9158234264578,14,4
2012-02-03 15:00:00,177.8018702748077,15,4
2012-02-03 16:00:00,171.9007370815359,16,4
2012-02-03 17:00:00,206.79414615847824,17,4
2012-02-03 18:00:00,225.61086179787486,18,4
2012-02-03 19:00:00,207.30566791166603,19,4
2012-02-03 20:00:00,178.89445869863567,20,4
2012-02-03 21:00:00,206.46497504760976,21,4
2012-02-03 22:00:00,206.09224640682467,22,4
2012-02-03 23:00:00,217.3515604226784,23,4
2012-02-04 00:00:00,202.57801105720418,0,5
2012-02-04 01:00:00,279.51083448286045,1,5
2012-02-04 02:00:00,285.2885241533066,2,5
2012-02-04 03:00:00,267.26934605554345,3,5
2012-02-04 04:00:00,275.1326205094247,4,5
2012-02-04 05:00:00,132.2994895090247,5,5
2012-02-04 06:00:00,266.1858454615078,6,5
2012-02-04 07:00:00,147.14769512134606,7,5
2012-02-04 08:00:00,282.5414982976488,8,5
2012-02-04 09:00:00,198.48670140352104,9,5
2012-02-04 10:00:00,213.5404848673874,10,5
2012-02-04 11:00:00,230.833192439974,11,5
2012-02-04 12:00:00,197.92681064963145,12,5
2012-02-04 13:00:00,178.9713545422489,13,5
2012-02-04 14:00:00,176.0102958781171,14,5
2012-02-04 15:00:00,179.88011935226768,15,5
2012-02-04 16:00:00,204.66447133346503,16,5
2012-02-04 17:00:00,160.34781802332833,17,5
2012-02-04 18:00:00,269.28239020469425,18,5
2012-02-04 19:00:00,127.16121643968137,19,5
2012-02-04 20:00:00,215.0425416067097,20,5
2012-02-04 21:00:00,266.01073388426164,21,5
2012-02-04 22:00:00,166.85282423589354,22,5
2012-02-04 23:00:00,202.05329062916124,23,5
2012-02-05 00:00:00,200.59693211078738,0,6
2012-02-05 01:00:00,194.0174080400171,1,6
2012-02-05 02:00:00,201.43420184165123,2,6
2012-02-05 03:00:00,146.7332431841454,3,6
2012-02-05 04:00:00,263.4963172035487,4,6
2012-02-05 05:00:00,247.74007548446014,5,6
2012-02-05 06:00:00,256.35123601143414,6,6
2012-02-05 07:00:00,185.322599272114,7,6
2012-02-05 08:00:00,259.9581693273232,8,6
2012-02-05 09:00:00,192.83001911439646,9,6
2012-02-05 10:00:00,262.05784290518136,10,6
2012-02-05 11:00:00,215.76784574412952,11,6
2012-02-05 12:00:00,144.24620233718872,12,6
2012-02-05 13:00:00,267.163739539468,13,6
2012-02-05 14:00:00,151.2380843473733,14,6
2012-02-05 15:00:00,264.0344786437646,15,6
2012-02-05 16:00:00,167.5356502060504,16,6
2012-02-05 17:00:00,149.3033245040888,17,6
2012-02-05 18:00:00,151.65428637392014,18,6
2012-02-05 19:00:00,204.45705293010306,19,6
2012-02-05 20:00:00,173.3461260220034,20,6
2012-02-05 21:00:00,292.3112352182985,21,6
2012-02-05 22:00:00,163.941377849579,22,6
2012-02-05 23:00:00,151.36717063729574,23,6
2012-02-06 00:00:00,249.17873662744535,0,0
2012-02-06 01:00:00,211.17387669142892,1,0
2012-02-06 02:00:00,254.91007867757003,2,0
2012-02-06 03:00:00,244.74993358230986,3,0
2012-02-06 04:00:00,242.0491749875864,4,0
2012-02-06 05:00:00,227.94472860212392,5,0
2012-02-06 06:00:00,238.6729044414967,6,0
2012-02-06 07:00:00,254.7057765301541,7,0
2012-02-06 08:00:00,260.0609417815307,8,0
2012-02-06 09:00:00,139.2931093835471,9,0
2012-02-06 10:00:00,202.72694726759812,10,0
2012-02-06 11:00:00,207.50658905705322,11,0
2012-02-06 12:00:00,215.9236715370375,12,0
2012-02-06 13:00:00,207.4877000312911,13,0
2012-02-06 14:00:00,203.42575349257606,14,0
2012-02-06 15:00:00,248.3037811813165,15,0
2012-02-06 16:00:00,243.22788285253864,16,0
2012-02-06 17:00:00,249.3569467361904,17,0
2012-02-06 18:00:00,253.32407022465955,18,0
2012-02-06 19:00:00,135.95500996093372,19,0
2012-02-06 20:00:00,141.61686460258673,20,0
2012-02-06 21:00:00,263.8921041448489,21,0
2012-02-06 22:00:00,179.88281909778934,22,0
2012-02-06 23:00:00,217.9181438853309,23,0
2012-02-07 00:00:00,214.08578192083536,0,1
2012-02-07 01:00:00,196.3362231136864,1,1
2012-02-07 02:00:00,186.3224962107111,2,1
2012-02-07 03:00:00,243.7083805965434,3,1
2012-02-07 04:00:00,211.56177326925643,4,1
2012-02-07 05:00:00,249.43827514378856,5,1
2012-02-07 06:00:00,242.59379642658735,6,1
2012-02-07 07:00:00,219.02259091164706,7,1
2012-02-07 08:00:00,232.2868385388404,8,1
2012-02-07 09:00:00,208.76993741477327,9,1
2012-02-07 10:00:00,187.9563106381454,10,1
2012-02-07 11:00:00,237.33556191384957,11,1
2012-02-07 12:00:00,209.1672597157495,12,1
2012-02-07 13:00:00,202.14116780386487,13,1
2012-02-07 14:00:00,196.72004846226994,14,1
2012-02-07 15:00:00,258.7128954483926,15,1
2012-02-07 16:00:00,203.29682978139326,16,1
2012-02-07 17:00:00,157.5856217087113,17,1
2012-02-07 18:00:00,260.75787008374874,18,1
2012-02-07 19:00:00,148.879931363156,19,1
2012-02-07 20:00:00,216.6029987724956,20,1
2012-02-07 21:00:00,256.6802229017479,21,1
2012-02-07 22:00:00,252.0984179012865,22,1
2012-02-07 23:00:00,240.02096175059188,23,1
2012-02-08 00:00:00,269.70952468992397,0,2
2012-02-08 01:00:00,205.59785456398825,1,2
2012-02-08 02:00:00,286.05944711174817,2,2
2012-02-08 03:00:00,137.3359048528203,3,2
2012-02-08 04:00:00,253.21491505776729,4,2
2012-02-08 05:00:00,258.11903569898453,5,2
2012-02-08 06:00:00,195.7585297186186,6,2
2012-02-08 07:00:00,216.58586762423826,7,2
2012-02-08 08:00:00,158.94056393310564,8,2
2012-02-08 09:00:00,210.22707117384215,9,2
2012-02-08 10:00:00,217.44033959207619,10,2
2012-02-08 11:00:00,219.26942426942134,11,2
2012-02-08 12:00:00,248.2326041876478,12,2
2012-02-08 13:00:00,287.7361633992025,13,2
2012-02-08 14:00:00,274.43537290180427,14,2
2012-02-08 15:00:00,150.2026213251702,15,2
2012-02-08 16:00:00,197.21702568212575,16,2
2012-02-08 17:00:00,196.1030039259875,17,2
2012-02-08 18:00:00,252.77106460870797,18,2
2012-02-08 19:00:00,258.70006366913634,19,2
2012-02-08 20:00:00,266.44560484966905,20,2
2012-02-08 21:00:00,263.5885170494704,21,2
2012-02-08 22:00:00,233.47860060645388,22,2
2012-02-08 23:00:00,274.4997449781666,23,2
2012-02-09 00:00:00,139.6842211701059,0,3
2012-02-09 01:00:00,198.37686928778083,1,3
2012-02-09 02:00:00,279.1442022411064,2,3
2012-02-09 03:00:00,256.08271707475694,3,3
2012-02-09 04:00:00,170.92922502786323,4,3
2012-02-09 05:00:00,173.10899079128663,5,3
2012-02-09 06:00:00,251.5072855477978,6,3
2012-02-09 07:00:00,164.4472816736661,7,3
2012-02-09 08:00:00,203.7138519913586,8,3
2012-02-09 09:00:00,167.4127554283266,9,3
2012-02-09 10:00:00,278.25731104126436,10,3
2012-02-09 11:00:00,272.964673582507,11,3
2012-02-09 12:00:00,188.71331779617338,12,3
2012-02-09 13:00:00,184.65996191345104,13,3
2012-02-09 14:00:00,249.25110644707667,14,3
2012-02-09 15:00:00,265.14370695875647,15,3
2012-02-09 16:00:00,273.7283546092393,16,3
2012-02-09 17:00:00,175.02145735655125,17,3
2012-02-09 18:00:00,260.462828159675,18,3
2012-02-09 19:00:00,258.198988120578,19,3
2012-02-09 20:00:00,162.3226703323476,20,3
2012-02-09 21:00:00,276.70738272953815,21,3
2012-02-09 22:00:00,173.463864250537,22,3
2012-02-09 23:00:00,164.15232261687964,23,3
2012-02-10 00:00:00,173.0748294588325,0,4
2012-02-10 01:00:00,190.22930636359652,1,4
2012-02-10 02:00:00,168.80928483617984,2,4
2012-02-10 03:00:00,145.01818507769534,3,4
2012-02-10 04:00:00,265.22298917484005,4,4
2012-02-10 05:00:00,192.90978676210227,5,4
2012-02-10 06:00:00,122.14080731411518,6,4
2012-02-10 07:00:00,202.32152973068952,7,4
2012-02-10 08:00:00,199.0344608571416,8,4
2012-02-10 09:00:00,224.29571820516668,9,4
2012-02-10 10:00:00,168.03606818849784,10,4
2012-02-10 11:00:00,183.03750653050386,11,4
2012-02-10 12:00:00,212.5140685320304,12,4
2012-02-10 13:00:00,189.40368961478345,13,4
2012-02-10 14:00:00,205.06440170895456,14,4
2012-02-10 15:00:00,265.9755598516707,15,4
2012-02-10 16:00:00,124.37525873895744,16,4
2012-02-10 17:00:00,148.24304683921363,17,4
2012-02-10 18:00:00,238.50899220798186,18,4
2012-02-10 19:00:00,110.81125304230729,19,4
2012-02-10 20:00:00,254.07684209700568,20,4
2012-02-10 21:00:00,258.0274794051668,21,4
2012-02-10 22:00:00,279.61869106115836,22,4
2012-02-10 23:00:00,286.059307200952,23,4
2012-02-11 00:00:00,147.64221921760668,0,5
2012-02-11 01:00:00,208.20679606146922,1,5
2012-02-11 02:00:00,207.22599126351753,2,5
2012-02-11 03:00:00,200.8991362210233,3,5
2012-02-11 04:00:00,197.73755708933325,4,5
2012-02-11 05:00:00,258.5013152333727,5,5
2012-02-11 06:00:00,136.88242035993392,6,5
2012-02-11 07:00:00,191.3593194319899,7,5
2012-02-11 08:00:00,266.605369162552,8,5
2012-02-11 09:00:00,270.90036875434186,9,5
2012-02-11 10:00:00,277.85701183408463,10,5
2012-02-11 11:00:00,281.7436768949738,11,5
2012-02-11 12:00:00,195.68781267230565,12,5
2012-02-11 13:00:00,216.74254715102944,13,5
2012-02-11 14:00:00,276.46439924467137,14,5
2012-02-11 15:00:00,212.16663105161948,15,5
2012-02-11 16:00:00,205.08513351942733,16,5
2012-02-11 17:00:00,196.0236591562639,17,5
2012-02-11 18:00:00,221.47001903575085,18,5
2012-02-11 19:00:00,199.55829940955482,19,5
2012-02-11 20:00:00,220.33480295792467,20,5
2012-02-11 21:00:00,185.7333311814281,21,5
2012-02-11 22:00:00,167.13192664028037,22,5
2012-02-11 23:00:00,143.233147077317,23,5
2012-02-12 00:00:00,271.50047430558044,0,6
2012-02-12 01:00:00,197.7487943076237,1,6
2012-02-12 02:00:00,128.5403580490342,2,6
2012-02-12 03:00:00,263.51712086843884,3,6
2012-02-12 04:00:00,127.22263270319425,4,6
2012-02-12 05:00:00,162.23826321352124,5,6
2012-02-12 06:00:00,254.02640453091294,6,6
2012-02-12 07:00:00,251.46490435856364,7,6
2012-02-12 08:00:00,206.97027893555324,8,6
2012-02-12 09:00:00,220.58215393421952,9,6
2012-02-12 10:00:00,207.0876734629401,10,6
2012-02-12 11:00:00,166.05957538723817,11,6
2012-02-12 12:00:00,197.0658928522588,12,6
2012-02-12 13:00:00,216.85196671738157,13,6
2012-02-12 14:00:00,188.6641056186749,14,6
2012-02-12 15:00:00,149.66997086227923,15,6
2012-02-12 16:00:00,205.61664757882048,16,6
2012-02-12 17:00:00,203.5250017259318,17,6
2012-02-12 18:00:00,295.2076421226064,18,6
2012-02-12 19:00:00,265.2004060964819,19,6
2012-02-12 20:00:00,287.89294892516403,20,6
2012-02-12 21:00:00,205.8601127395375,21,6
2012-02-12 22:00:00,201.7297278796427,22,6
2012-02-12 23:00:00,212.33122698055584,23,6
2012-02-13 00:00:00,265.30456991009305,0,0
2012-02-13 01:00:00,201.01585062051393,1,0
2012-02-13 02:00:00,194.03073466268052,2,0
2012-02-13 03:00:00,253.82741145188123,3,0
2012-02-13 04:00:00,260.0545068849291,4,0
2012-02-13 05:00:00,257.90879687424837,5,0
2012-02-13 06:00:00,269.9558022325833,6,0
2012-02-13 07:00:00,169.40706202561097,7,0
2012-02-13 08:00:00,188.05703478617255,8,0
2012-02-13 09:00:00,206.71132053969487,9,0
2012-02-13 10:00:00,234.92161697050958,10,0
2012-02-13 11:00:00,208.17292356850797,11,0
2012-02-13 12:00:00,209.22869401070113,12,0
2012-02-13 13:00:00,244.41740553570696,13,0
2012-02-13 14:00:00,277.4707896748576,14,0
2012-02-13 15:00:00,257.2084734576853,15,0
2012-02-13 16:00:00,261.76518377325925,16,0
2012-02-13 17:00:00,268.7208800902445,17,0
2012-02-13 18:00:00,194.43289497158818,18,0
2012-02-13 19:00:00,188.26125462778563,19,0
2012-02-13 20:00:00,247.25761943407386,20,0
2012-02-13 21:00:00,250.86590835542393,21,0
2012-02-13 22:00:00,263.36861082080543,22,0
2012-02-13 23:00:00,267.12788593931344,23,0
2012-02-14 00:00:00,258.54420559447846,0,1
2012-02-14 01:00:00,260.89201835350036,1,1
2012-02-14 02:00:00,269.85206686802053,2,1
2012-02-14 03:00:00,254.39381372529246,3,1
2012-02-14 04:00:00,263.0307840322743,4,1
2012-02-14 05:00:00,247.5318230285603,5,1
2012-02-14 06:00:00,136.23628777699926,6,1
2012-02-14 07:00:00,151.5909434321944,7,1
2012-02-14 08:00:00,197.4046147531368,8,1
2012-02-14 09:00:00,197.57739814292992,9,1
2012-02-14 10:00:00,239.7155588259384,10,1
2012-02-14 11:00:00,269.8843222224183,11,1
2012-02-14 12:00:00,212.13149382740045,12,1
2012-02-14 13:00:00,161.3568548346872,13,1
2012-02-14 14:00:00,234.82082987486038,14,1
2012-02-14 15:00:00,207.2832967852316,15,1
2012-02-14 16:00:00,239.28671880649384,16,1
2012-02-14 17:00:00,159.0297883406035,17,1
2012-02-14 18:00:00,231.66614858258149,18,1
2012-02-14 19:00:00,270.4495989180495,19,1
2012-02-14 20:00:00,242.65978544507206,20,1
2012-02-14 21:00:00,296.43462809726674,21,1
2012-02-14 22:00:00,179.27540748553193,22,1
2012-02-14 23:00:00,226.20390894064556,23,1
2012-02-15 00:00:00,242.80394822053168,0,2
2012-02-15 01:00:00,289.4130686289627,1,2
2012-02-15 02:00:00,259.76294584874597,2,2
2012-02-15 03:00:00,214.73315963677604,3,2
2012-02-15 04:00:00,256.5818318736567,4,2
2012-02-15 05:00:00,194.9278741399441,5,2
2012-02-15 06:00:00,247.70200957591132,6,2
2012-02-15 07:00:00,243.46406664240715,7,2
2012-02-15 08:00:00,246.10968133181277,8,2
2012-02-15 09:00:00,238.07418170558543,9,2
2012-02-15 10:00:00,169.07266230373637,10,2
2012-02-15 11:00:00,143.71707347904075,11,2
2012-02-15 12:00:00,266.63000518382466,12,2
2012-02-15 13:00:00,201.86902368569525,13,2
2012-02-15 14:00:00,200.4804137969305,14,2
2012-02-15 15:00:00,129.5574543981457,15,2
2012-02-15 16:00:00,252.99925714602793,16,2
2012-02-15 17:00:00,276.09327217182016,17,2
2012-02-15 18:00:00,184.7515942201048,18,2
2012-02-15 19:00:00,209.9851607083625,19,2
2012-02-15 20:00:00,193.37825319770073,20,2
2012-02-15 21:00:00,193.15522675758234,21,2
2012-02-15 22:00:00,198.13490673931443,22,2
2012-02-15 23:00:00,177.40686610808046,23,2
2012-02-16 00:00:00,240.9718134823475,0,3
2012-02-16 01:00:00,209.57322739936052,1,3
2012-02-16 02:00:00,198.93647002341442,2,3
2012-02-16 03:00:00,252.51878624961122,3,3
2012-02-16 04:00:00,173.55837994717172,4,3
2012-02-16 05:00:00,241.30915963208025,5,3
2012-02-16 06:00:00,154.5342740254333,6,3
2012-02-16 07:00:00,162.2452119605636,7,3
2012-02-16 08:00:00,142.73192862777572,8,3
2012-02-16 09:00:00,166.2632447938729,9,3
2012-02-16 10:00:00,147.03487766757303,10,3
2012-02-16 11:00:00,159.26618051231347,11,3
2012-02-16 12:00:00,259.5801515896363,12,3
2012-02-16 13:00:00,174.8893201294972,13,3
2012-02-16 14:00:00,207.58954007193861,14,3
2012-02-16 15:00:00,187.9807695473597,15,3
2012-02-16 16:00:00,196.2608615886486,16,3
2012-02-16 17:00:00,263.8423968557548,17,3
2012-02-16 18:00:00,267.34967132804525,18,3
2012-02-16 19:00:00,158.7179349591896,19,3
2012-02-16 20:00:00,214.10185864187747,20,3
2012-02-16 21:00:00,190.87962212043072,21,3
2012-02-16 22:00:00,256.0977594860075,22,3
2012-02-16 23:00:00,214.80257157716517,23,3
2012-02-17 00:00:00,191.66404401815274,0,4
2012-02-17 01:00:00,267.6961490319673,1,4
2012-02-17 02:00:00,190.4187583707323,2,4
2012-02-17 03:00:00,261.06926046322025,3,4
2012-02-17 04:00:00,257.5762952353296,4,4
2012-02-17 05:00:00,244.93763506643717,5,4
2012-02-17 06:00:00,151.06142608745392,6,4
2012-02-17 07:00:00,259.8752187303014,7,4
2012-02-17 08:00:00,274.9239183772101,8,4
2012-02-17 09:00:00,271.6891824796295,9,4
2012-02-17 10:00:00,168.89228113125185,10,4
2012-02-17 11:00:00,141.65949000006628,11,4
2012-02-17 12:00:00,254.2247747439689,12,4
2012-02-17 13:00:00,163.24871637770732,13,4
2012-02-17 14:00:00,174.03263532162507,14,4
2012-02-17 15:00:00,282.03945834947694,15,4
2012-02-17 16:00:00,278.79924508515876,16,4
2012-02-17 17:00:00,141.93853613240373,17,4
2012-02-17 18:00:00,174.55007425435076,18,4
2012-02-17 19:00:00,192.49372266949715,19,4
2012-02-17 20:00:00,156.23269559710306,20,4
2012-02-17 21:00:00,284.2436982910717,21,4
2012-02-17 22:00:00,265.0208265205218,22,4
2012-02-17 23:00:00,152.18255304823427,23,4
2012-02-18 00:00:00,210.3512462906869,0,5
2012-02-18 01:00:00,255.18860005653917,1,5
2012-02-18 02:00:00,184.39990887468082,2,5
2012-02-18 03:00:00,155.05438989325322,3,5
2012-02-18 04:00:00,168.55071986014042,4,5
2012-02-18 05:00:00,203.8169759129868,5,5
2012-02-18 06:00:00,194.33619880714534,6,5
2012-02-18 07:00:00,146.757070170037,7,5
2012-02-18 08:00:00,277.20790509028546,8,5
2012-02-18 09:00:00,267.0104141868605,9,5
2012-02-18 10:00:00,254.17666611436624,10,5
2012-02-18 11:00:00,249.91014024310508,11,5
2012-02-18 12:00:00,172.02114699726374,12,5
2012-02-18 13:00:00,196.5757073362386,13,5
2012-02-18 14:00:00,228.97808207689508,14,5
2012-02-18 15:00:00,204.76940038670512,15,5
2012-02-18 16:00:00,239.24748644858104,16,5
2012-02-18 17:00:00,184.6795991893289,17,5
2012-02-18 18:00:00,129.24374738062198,18,5
2012-02-18 19:00:00,193.86028365014587,19,5
2012-02-18 20:00:00,171.89045575099593,20,5
2012-02-18 21:00:00,229.05079133206524,21,5
2012-02-18 22:00:00,285.59022400812194,22,5
2012-02-18 23:00:00,161.36618916395008,23,5
2012-02-19 00:00:00,258.44585414070707,0,6
2012-02-19 01:00:00,262.7012954188872,1,6
2012-02-19 02:00:00,152.86184758053045,2,6
2012-02-19 03:00:00,153.39846641619104,3,6
2012-02-19 04:00:00,159.35835575462818,4,6
2012-02-19 05:00:00,196.66646055699005,5,6
2012-02-19 06:00:00,265.5933284557136,6,6
2012-02-19 07:00:00,262.80135293698515,7,6
2012-02-19 08:00:00,254.52868690156265,8,6
2012-02-19 09:00:00,197.12297944222522,9,6
2012-02-19 10:00:00,281.92570153152224,10,6
2012-02-19 11:00:00,280.80612117486555,11,6
2012-02-19 12:00:00,144.87804057350132,12,6
2012-02-19 13:00:00,195.17788897026193,13,6
2012-02-19 14:00:00,187.49921703049796,14,6
2012-02-19 15:00:00,171.70257482944842,15,6
2012-02-19 16:00:00,191.73502711758624,16,6
2012-02-19 17:00:00,179.47773904726716,17,6
2012-02-19 18:00:00,150.66129634549762,18,6
2012-02-19 19:00:00,281.2864453735838,19,6
2012-02-19 20:00:00,262.1721602363577,20,6
2012-02-19 21:00:00,265.2041481364377,21,6
2012-02-19 22:00:00,261.77930540777,22,6
2012-02-19 23:00:00,260.93404126524837,23,6
2012-02-20 00:00:00,258.66298008839226,0,0
2012-02-20 01:00:00,259.1125151525428,1,0
2012-02-20 02:00:00,269.64870043109016,2,0
2012-02-20 03:00:00,255.1869118488927,3,0
2012-02-20 04:00:00,252.20363125065992,4,0
2012-02-20 05:00:00,239.95885402717514,5,0
2012-02-20 06:00:00,230.87427633759143,6,0
2012-02-20 07:00:00,238.0418189135717,7,0
2012-02-20 08:00:00,260.7290619224364,8,0
2012-02-20 09:00:00,205.68189266952555,9,0
2012-02-20 10:00:00,215.95058656785162,10,0
2012-02-20 11:00:00,223.86167459797574,11,0
2012-02-20 12:00:00,250.60265746226239,12,0
2012-02-20 13:00:00,252.72388312751286,13,0
2012-02-20 14:00:00,273.8296621450285,14,0
2012-02-20 15:00:00,201.0291977173854,15,0
2012-02-20 16:00:00,255.3085465019275,16,0
2012-02-20 17:00:00,261.14791748704096,17,0
2012-02-20 18:00:00,203.97515777394855,18,0
2012-02-20 19:00:00,204.63615620680736,19,0
2012-02-20 20:00:00,259.8430083366231,20,0
2012-02-20 21:00:00,240.94508930909714,21,0
2012-02-20 22:00:00,268.1282690183553,22,0
2012-02-20 23:00:00,256.52829784002427,23,0
2012-02-21 00:00:00,258.029833435193,0,1
2012-02-21 01:00:00,244.92057830517916,1,1
2012-02-21 02:00:00,144.99530908859677,2,1
2012-02-21 03:00:00,154.12907376370507,3,1
2012-02-21 04:00:00,155.09785550354073,4,1
2012-02-21 05:00:00,138.63114681725756,5,1
2012-02-21 06:00:00,242.6433960075964,6,1
2012-02-21 07:00:00,195.07822382624101,7,1
2012-02-21 08:00:00,240.56637847871195,8,1
2012-02-21 09:00:00,215.3707555210062,9,1
2012-02-21 10:00:00,223.9850890072826,10,1
2012-02-21 11:00:00,172.4078261063592,11,1
2012-02-21 12:00:00,184.48350499317348,12,1
2012-02-21 13:00:00,195.1166129577679,13,1
2012-02-21 14:00:00,276.62659164432654,14,1
2012-02-21 15:00:00,196.78097197033637,15,1
2012-02-21 16:00:00,154.60246477151313,16,1
2012-02-21 17:00:00,235.7191832538144,17,1
2012-02-21 18:00:00,260.2344303871615,18,1
2012-02-21 19:00:00,196.23294597948544,19,1
2012-02-21 20:00:00,269.6784365290086,20,1
2012-02-21 21:00:00,190.37578398232378,21,1
2012-02-21 22:00:00,249.17184005588973,22,1
2012-02-21 23:00:00,284.9324910191047,23,1
2012-02-22 00:00:00,139.3174387337816,0,2
2012-02-22 01:00:00,243.0235542799606,1,2
2012-02-22 02:00:00,252.97198431476448,2,2
2012-02-22 03:00:00,210.31648499892881,3,2
2012-02-22 04:00:00,201.14883939712624,4,2
2012-02-22 05:00:00,202.29029654030376,5,2
2012-02-22 06:00:00,188.4721214951501,6,2
2012-02-22 07:00:00,207.17991334106776,7,2
2012-02-22 08:00:00,194.74531226778956,8,2
2012-02-22 09:00:00,177.94310171402063,9,2
2012-02-22 10:00:00,253.0866206863789,10,2
2012-02-22 11:00:00,239.31254383923874,11,2
2012-02-22 12:00:00,181.9797260463582,12,2
2012-02-22 13:00:00,151.72596130924427,13,2
2012-02-22 14:00:00,266.71827436222924,14,2
2012-02-22 15:00:00,231.82684718972902,15,2
2012-02-22 16:00:00,186.8631337519533,16,2
2012-02-22 17:00:00,194.27339480639344,17,2
2012-02-22 18:00:00,161.60457671831642,18,2
2012-02-22 19:00:00,238.56093458503193,19,2
2012-02-22 20:00:00,290.9697356825204,20,2
2012-02-22 21:00:00,241.8255268571972,21,2
2012-02-22 22:00:00,245.77342240629386,22,2
2012-02-22 23:00:00,245.5762053539368,23,2
2012-02-23 00:00:00,245.54980283393294,0,3
2012-02-23 01:00:00,259.9900450115981,1,3
2012-02-23 02:00:00,280.1529825012608,2,3
2012-02-23 03:00:00,154.32875328183903,3,3
2012-02-23 04:00:00,199.47183760220915,4,3
2012-02-23 05:00:00,264.58812844322546,5,3
2012-02-23 06:00:00,249.74606378099605,6,3
2012-02-23 07:00:00,253.48110174266546,7,3
2012-02-23 08:00:00,224.48909252246486,8,3
2012-02-23 09:00:00,214.10229113929884,9,3
2012-02-23 10:00:00,212.21846660719024,10,3
2012-02-23 11:00:00,218.00487132459247,11,3
2012-02-23 12:00:00,158.28821834709035,12,3
2012-02-23 13:00:00,148.52275752847245,13,3
2012-02-23 14:00:00,266.48784351352856,14,3
2012-02-23 15:00:00,271.0304376264259,15,3
2012-02-23 16:00:00,163.9662853397749,16,3
2012-02-23 17:00:00,140.9877377642839,17,3
2012-02-23 18:00:00,280.89290997842033,18,3
2012-02-23 19:00:00,278.6990184373009,19,3
2012-02-23 20:00:00,182.4280892305194,20,3
2012-02-23 21:00:00,309.6074398419121,21,3
2012-02-23 22:00:00,276.82210972215665,22,3
2012-02-23 23:00:00,259.6354131773964,23,3
2012-02-24 00:00:00,244.90283087840487,0,4
2012-02-24 01:00:00,282.4088988859045,1,4
2012-02-24 02:00:00,265.69559902715423,2,4
2012-02-24 03:00:00,157.5432304514544,3,4
2012-02-24 04:00:00,267.5687303518846,4,4
2012-02-24 05:00:00,268.8912759907314,5,4
2012-02-24 06:00:00,138.81189562045077,6,4
2012-02-24 07:00:00,281.7983389901869,7,4
2012-02-24 08:00:00,293.1607372017038,8,4
2012-02-24 09:00:00,279.2167818870102,9,4
2012-02-24 10:00:00,282.81304958245323,10,4
2012-02-24 11:00:00,275.47518081968747,11,4
2012-02-24 12:00:00,133.80197446853353,12,4
2012-02-24 13:00:00,278.00092945230625,13,4
2012-02-24 14:00:00,147.74706232058293,14,4
2012-02-24 15:00:00,269.4010494371453,15,4
2012-02-24 16:00:00,266.5302942492342,16,4
2012-02-24 17:00:00,181.7442633030695,17,4
2012-02-24 18:00:00,137.38754050269648,18,4
2012-02-24 19:00:00,248.73256244577186,19,4
2012-02-24 20:00:00,201.9968849734448,20,4
2012-02-24 21:00:00,185.35265575837482,21,4
2012-02-24 22:00:00,269.3001318794304,22,4
2012-02-24 23:00:00,178.70244592218359,23,4
2012-02-25 00:00:00,146.24946578870507,0,5
2012-02-25 01:00:00,173.85692589905605,1,5
2012-02-25 02:00:00,160.25922925265797,2,5
2012-02-25 03:00:00,263.1076176676169,3,5
2012-02-25 04:00:00,248.7384241288857,4,5
2012-02-25 05:00:00,155.82387307586137,5,5
2012-02-25 06:00:00,201.94136604858252,6,5
2012-02-25 07:00:00,260.65588290445083,7,5
2012-02-25 08:00:00,259.2372416943052,8,5
2012-02-25 09:00:00,291.0867686775223,9,5
2012-02-25 10:00:00,177.4279785133853,10,5
2012-02-25 11:00:00,261.9968702196154,11,5
2012-02-25 12:00:00,146.11042879685593,12,5
2012-02-25 13:00:00,259.46472206714736,13,5
2012-02-25 14:00:00,274.1293696540125,14,5
2012-02-25 15:00:00,269.88549801688123,15,5
2012-02-25 16:00:00,218.16187668634498,16,5
2012-02-25 17:00:00,279.0000185616097,17,5
2012-02-25 18:00:00,269.89648850835044,18,5
2012-02-25 19:00:00,253.60800313103044,19,5
2012-02-25 20:00:00,266.9909683206616,20,5
2012-02-25 21:00:00,263.26211581478145,21,5
2012-02-25 22:00:00,205.44969141223714,22,5
2012-02-25 23:00:00,212.5398593035551,23,5
2012-02-26 00:00:00,196.92255285766896,0,6
2012-02-26 01:00:00,197.8983680613286,1,6
2012-02-26 02:00:00,264.16224407302263,2,6
2012-02-26 03:00:00,212.1747582552857,3,6
2012-02-26 04:00:00,201.37458100214428,4,6
2012-02-26 05:00:00,257.70338068928237,5,6
2012-02-26 06:00:00,254.52637716522335,6,6
2012-02-26 07:00:00,143.61269919070696,7,6
2012-02-26 08:00:00,271.86497917327137,8,6
2012-02-26 09:00:00,265.7765538940984,9,6
2012-02-26 10:00:00,259.2585763230547,10,6
2012-02-26 11:00:00,260.3685553277891,11,6
2012-02-26 12:00:00,248.9630983124416,12,6
2012-02-26 13:00:00,261.60777689218315,13,6
2012-02-26 14:00:00,214.88489283765807,14,6
2012-02-26 15:00:00,273.58571418823846,15,6
2012-02-26 16:00:00,272.6847895901872,16,6
2012-02-26 17:00:00,179.5531362718669,17,6
2012-02-26 18:00:00,280.65971315043765,18,6
2012-02-26 19:00:00,193.600526047313,19,6
2012-02-26 20:00:00,278.7073782954955,20,6
2012-02-26 21:00:00,287.197693792963,21,6
2012-02-26 22:00:00,266.84887399655867,22,6
2012-02-26 23:00:00,198.44375949725662,23,6
2012-02-27 00:00:00,181.03961292177985,0,0
2012-02-27 01:00:00,258.18580791817465,1,0
2012-02-27 02:00:00,241.78359708646497,2,0
2012-02-27 03:00:00,226.66792863852075,3,0
2012-02-27 04:00:00,263.7152000945172,4,0
2012-02-27 05:00:00,240.9889049640143,5,0
2012-02-27 06:00:00,246.27225371544543,6,0
2012-02-27 07:00:00,219.74944603628046,7,0
2012-02-27 08:00:00,242.89460808317486,8,0
2012-02-27 09:00:00,137.7743084241123,9,0
2012-02-27 10:00:00,230.12138645521085,10,0
2012-02-27 11:00:00,206.69858546432087,11,0
2012-02-27 12:00:00,267.9951267675098,12,0
2012-02-27 13:00:00,180.63886623247515,13,0
2012-02-27 14:00:00,259.92809434499185,14,0
2012-02-27 15:00:00,263.34165691930036,15,0
2012-02-27 16:00:00,182.45529017604133,16,0
2012-02-27 17:00:00,267.5311137484509,17,0
2012-02-27 18:00:00,204.46673028172762,18,0
2012-02-27 19:00:00,195.30215542722152,19,0
2012-02-27 20:00:00,281.2590835162355,20,0
2012-02-27 21:00:00,281.20369249669636,21,0
2012-02-27 22:00:00,233.35129916923927,22,0
2012-02-27 23:00:00,235.64856157188805,23,0
2012-02-28 00:00:00,248.12439964914532,0,1
2012-02-28 01:00:00,201.10375050754297,1,1
2012-02-28 02:00:00,193.4498470640544,2,1
2012-02-28 03:00:00,253.98335474420665,3,1
2012-02-28 04:00:00,254.7660128241827,4,1
2012-02-28 05:00:00,240.89122378374705,5,1
2012-02-28 06:00:00,259.2377104050378,6,1
2012-02-28 07:00:00,255.62272268678385,7,1
2012-02-28 08:00:00,264.81957539136107,8,1
2012-02-28 09:00:00,216.72042702277287,9,1
2012-02-28 10:00:00,243.5869234836491,10,1
2012-02-28 11:00:00,157.4046167753417,11,1
2012-02-28 12:00:00,294.11535177277045,12,1
2012-02-28 13:00:00,265.97825025028857,13,1
2012-02-28 14:00:00,117.3887561065451,14,1
2012-02-28 15:00:00,119.65535605097386,15,1
2012-02-28 16:00:00,251.3006546191635,16,1
2012-02-28 17:00:00,252.4406245486081,17,1
2012-02-28 18:00:00,237.94784416164148,18,1
2012-02-28 19:00:00,246.95105052114016,19,1
2012-02-28 20:00:00,270.87013881144844,20,1
2012-02-28 21:00:00,254.05700946468664,21,1
2012-02-28 22:00:00,149.1276457249679,22,1
2012-02-28 23:00:00,256.15293122028544,23,1
2012-02-29 00:00:00,269.0259803302556,0,2
2012-02-29 01:00:00,265.4269878182543,1,2
2012-02-29 02:00:00,254.64931524598734,2,2
2012-02-29 03:00:00,242.2075070504261,3,2
2012-02-29 04:00:00,240.55910943984006,4,2
2012-02-29 05:00:00,226.31891390092866,5,2
2012-02-29 06:00:00,148.4744619957354,6,2
2012-02-29 07:00:00,215.9348636330726,7,2
2012-02-29 08:00:00,225.9355976424521,8,2
2012-02-29 09:00:00,163.1234913640825,9,2
2012-02-29 10:00:00,218.09253015223362,10,2
2012-02-29 11:00:00,255.87844266421473,11,2
2012-02-29 12:00:00,218.4757550102064,12,2
2012-02-29 13:00:00,281.5203753617583,13,2
2012-02-29 14:00:00,295.9050010570842,14,2
2012-02-29 15:00:00,272.7840851904194,15,2
2012-02-29 16:00:00,125.82666435953733,16,2
2012-02-29 17:00:00,232.25054966352386,17,2
2012-02-29 18:00:00,255.59557776952911,18,2
2012-02-29 19:00:00,300.48235046275926,19,2
2012-02-29 20:00:00,268.3890387921498,20,2
2012-02-29 21:00:00,240.89201702700535,21,2
2012-02-29 22:00:00,279.4839954874583,22,2
2012-02-29 23:00:00,231.36122128520728,23,2
2012-03-01 00:00:00,180.12751444760343,0,3
2012-03-01 01:00:00,182.11371288459057,1,3
2012-03-01 02:00:00,202.9894310625215,2,3
2012-03-01 03:00:00,206.28069652943282,3,3
2012-03-01 04:00:00,264.93500781218813,4,3
2012-03-01 05:00:00,190.45415966900805,5,3
2012-03-01 06:00:00,147.6717738625691,6,3
2012-03-01 07:00:00,256.26427520797364,7,3
2012-03-01 08:00:00,269.69197613937285,8,3
2012-03-01 09:00:00,162.45265551430543,9,3
2012-03-01 10:00:00,225.1911566920187,10,3
2012-03-01 11:00:00,156.09562270761427,11,3
2012-03-01 12:00:00,271.7848703499165,12,3
2012-03-01 13:00:00,296.5432783999508,13,3
2012-03-01 14:00:00,301.4752985350291,14,3
2012-03-01 15:00:00,280.6309743298375,15,3
2012-03-01 16:00:00,269.58703845517476,16,3
2012-03-01 17:00:00,154.2755113250201,17,3
2012-03-01 18:00:00,164.96489526212315,18,3
2012-03-01 19:00:00,156.75678524924234,19,3
2012-03-01 20:00:00,274.676691526106,20,3
2012-03-01 21:00:00,138.6955194256679,21,3
2012-03-01 22:00:00,188.41840764700865,22,3
2012-03-01 23:00:00,142.3348155053728,23,3
2012-03-02 00:00:00,238.67099943695027,0,4
2012-03-02 01:00:00,250.2814024791128,1,4
2012-03-02 02:00:00,163.03968996546357,2,4
2012-03-02 03:00:00,190.77492319173803,3,4
2012-03-02 04:00:00,219.37460108252736,4,4
2012-03-02 05:00:00,187.99256523391566,5,4
2012-03-02 06:00:00,257.36749644013753,6,4
2012-03-02 07:00:00,256.6881680651227,7,4
2012-03-02 08:00:00,157.4389483335668,8,4
2012-03-02 09:00:00,125.40945087131495,9,4
2012-03-02 10:00:00,287.27964072857225,10,4
2012-03-02 11:00:00,274.25290686543104,11,4
2012-03-02 12:00:00,251.31904000858827,12,4
2012-03-02 13:00:00,266.72586797356666,13,4
2012-03-02 14:00:00,265.4052678756572,14,4
2012-03-02 15:00:00,276.61728923933407,15,4
2012-03-02 16:00:00,225.3753281851694,16,4
2012-03-02 17:00:00,157.02117364161506,17,4
2012-03-02 18:00:00,208.06747144522015,18,4
2012-03-02 19:00:00,244.14642495808548,19,4
2012-03-02 20:00:00,258.07408040039087,20,4
2012-03-02 21:00:00,134.1222141442222,21,4
2012-03-02 22:00:00,289.24607308522235,22,4
2012-03-02 23:00:00,263.2634102650073,23,4
2012-03-03 00:00:00,247.4241294335551,0,5
2012-03-03 01:00:00,137.7819794282371,1,5
2012-03-03 02:00:00,253.3455376738531,2,5
2012-03-03 03:00:00,165.0879681547006,3,5
2012-03-03 04:00:00,189.55923965600735,4,5
2012-03-03 05:00:00,225.1526287963668,5,5
2012-03-03 06:00:00,205.34190579138317,6,5
2012-03-03 07:00:00,176.00613849227676,7,5
2012-03-03 08:00:00,269.179905070654,8,5
2012-03-03 09:00:00,252.84605898027567,9,5
2012-03-03 10:00:00,270.10721807711997,10,5
2012-03-03 11:00:00,294.8736807740959,11,5
2012-03-03 12:00:00,266.2583980899474,12,5
2012-03-03 13:00:00,271.16938043382305,13,5
2012-03-03 14:00:00,243.45000566581768,14,5
2012-03-03 15:00:00,184.92764382019766,15,5
2012-03-03 16:00:00,271.3906840267024,16,5
2012-03-03 17:00:00,283.80398795952004,17,5
2012-03-03 18:00:00,292.4203400158311,18,5
2012-03-03 19:00:00,184.13500430169913,19,5
2012-03-03 20:00:00,160.32246051840596,20,5
2012-03-03 21:00:00,144.1381970362162,21,5
2012-03-03 22:00:00,274.2735901718222,22,5
2012-03-03 23:00:00,258.3845150951786,23,5
2012-03-04 00:00:00,261.17119747535986,0,6
2012-03-04 01:00:00,263.8821932573702,1,6
2012-03-04 02:00:00,138.1143240856578,2,6
2012-03-04 03:00:00,264.5921828708294,3,6
2012-03-04 04:00:00,251.84628770424425,4,6
2012-03-04 05:00:00,266.2877723937362,5,6
2012-03-04 06:00:00,264.7561996445708,6,6
2012-03-04 07:00:00,144.06871749583124,7,6
2012-03-04 08:00:00,246.06462773180877,8,6
2012-03-04 09:00:00,243.39537308216927,9,6
2012-03-04 10:00:00,254.13214235888466,10,6
2012-03-04 11:00:00,170.20475359215382,11,6
2012-03-04 12:00:00,177.83021938382012,12,6
2012-03-04 13:00:00,169.43082157447117,13,6
2012-03-04 14:00:00,226.0211944367012,14,6
2012-03-04 15:00:00,200.64981073059448,15,6
2012-03-04 16:00:00,276.35458251239254,16,6
2012-03-04 17:00:00,209.49704530788523,17,6
2012-03-04 18:00:00,213.0303473139944,18,6
2012-03-04 19:00:00,195.95909651656973,19,6
2012-03-04 20:00:00,189.97600890681792,20,6
2012-03-04 21:00:00,245.0806191398614,21,6
2012-03-04 22:00:00,278.7162634820305,22,6
2012-03-04 23:00:00,263.897368512258,23,6
2012-03-05 00:00:00,257.761333904847,0,0
2012-03-05 01:00:00,265.15145132181533,1,0
2012-03-05 02:00:00,252.93732841462574,2,0
2012-03-05 03:00:00,258.1978829002313,3,0
2012-03-05 04:00:00,260.4441545248848,4,0
2012-03-05 05:00:00,252.1803561567011,5,0
2012-03-05 06:00:00,249.46624046490962,6,0
2012-03-05 07:00:00,257.07937017496437,7,0
2012-03-05 08:00:00,184.58759736066295,8,0
2012-03-05 09:00:00,194.76707072965252,9,0
2012-03-05 10:00:00,183.66540371154142,10,0
2012-03-05 11:00:00,255.80747412170135,11,0
2012-03-05 12:00:00,171.0185250925006,12,0
2012-03-05 13:00:00,145.81639358107392,13,0
2012-03-05 14:00:00,280.0440005630008,14,0
2012-03-05 15:00:00,286.55276777628654,15,0
2012-03-05 16:00:00,271.25355793167125,16,0
2012-03-05 17:00:00,251.80418832021897,17,0
2012-03-05 18:00:00,257.41617506511744,18,0
2012-03-05 19:00:00,281.5064329336067,19,0
2012-03-05 20:00:00,257.00772331885884,20,0
2012-03-05 21:00:00,295.2539305276154,21,0
2012-03-05 22:00:00,290.1588064141432,22,0
2012-03-05 23:00:00,242.02905666587324,23,0
2012-03-06 00:00:00,259.03057770579613,0,1
2012-03-06 01:00:00,275.0018407131045,1,1
2012-03-06 02:00:00,278.2285428612959,2,1
2012-03-06 03:00:00,278.2141817071185,3,1
2012-03-06 04:00:00,208.4729791954686,4,1
2012-03-06 05:00:00,205.63782205137107,5,1
2012-03-06 06:00:00,249.90179721605975,6,1
2012-03-06 07:00:00,255.02689574388515,7,1
2012-03-06 08:00:00,135.57045624596643,8,1
2012-03-06 09:00:00,197.07429945187505,9,1
2012-03-06 10:00:00,251.12242049421747,10,1
2012-03-06 11:00:00,277.628188948844,11,1
2012-03-06 12:00:00,138.1995633805057,12,1
2012-03-06 13:00:00,138.30291505363948,13,1
2012-03-06 14:00:00,185.20279645792687,14,1
2012-03-06 15:00:00,275.2503152581609,15,1
2012-03-06 16:00:00,235.3108028363196,16,1
2012-03-06 17:00:00,262.7113127262036,17,1
2012-03-06 18:00:00,192.24359258844393,18,1
2012-03-06 19:00:00,251.13851048999382,19,1
2012-03-06 20:00:00,260.9916108952306,20,1
2012-03-06 21:00:00,221.3456031681909,21,1
2012-03-06 22:00:00,180.5612290339971,22,1
2012-03-06 23:00:00,249.15403151808542,23,1
2012-03-07 00:00:00,268.63938604183,0,2
2012-03-07 01:00:00,260.5095416737697,1,2
2012-03-07 02:00:00,278.4628790327443,2,2
2012-03-07 03:00:00,263.2188039579821,3,2
2012-03-07 04:00:00,245.67320107523537,4,2
2012-03-07 05:00:00,262.57485901338555,5,2
2012-03-07 06:00:00,152.8864160117923,6,2
2012-03-07 07:00:00,148.6442902898783,7,2
2012-03-07 08:00:00,144.51108458799283,8,2
2012-03-07 09:00:00,187.6757501362677,9,2
2012-03-07 10:00:00,219.83381192369333,10,2
2012-03-07 11:00:00,150.9658434684705,11,2
2012-03-07 12:00:00,179.75235222594162,12,2
2012-03-07 13:00:00,213.2766529701265,13,2
2012-03-07 14:00:00,200.89350213903646,14,2
2012-03-07 15:00:00,285.5945294115932,15,2
2012-03-07 16:00:00,250.8041438594315,16,2
2012-03-07 17:00:00,250.92854684811454,17,2
2012-03-07 18:00:00,237.42061313080632,18,2
2012-03-07 19:00:00,204.22153343003643,19,2
2012-03-07 20:00:00,172.8207230149123,20,2
2012-03-07 21:00:00,243.70553958881774,21,2
2012-03-07 22:00:00,214.6928990446191,22,2
2012-03-07 23:00:00,249.0921202245473,23,2
2012-03-08 00:00:00,147.38142913282496,0,3
2012-03-08 01:00:00,287.89706445620806,1,3
2012-03-08 02:00:00,265.7265419527656,2,3
2012-03-08 03:00:00,147.41293461113526,3,3
2012-03-08 04:00:00,250.22080311425728,4,3
2012-03-08 05:00:00,255.9357485216091,5,3
2012-03-08 06:00:00,208.15584631616431,6,3
2012-03-08 07:00:00,198.81669311652303,7,3
2012-03-08 08:00:00,255.51686060045765,8,3
2012-03-08 09:00:00,248.95177354388116,9,3
2012-03-08 10:00:00,226.03214457151654,10,3
2012-03-08 11:00:00,127.74065248075425,11,3
2012-03-08 12:00:00,139.87213250690715,12,3
2012-03-08 13:00:00,271.9719233833323,13,3
2012-03-08 14:00:00,247.84389530531215,14,3
2012-03-08 15:00:00,269.6858028739754,15,3
2012-03-08 16:00:00,269.1466850554563,16,3
2012-03-08 17:00:00,228.58663089096024,17,3
2012-03-08 18:00:00,250.4284117379255,18,3
2012-03-08 19:00:00,259.94646480284473,19,3
2012-03-08 20:00:00,299.72178975482007,20,3
2012-03-08 21:00:00,136.70168520871653,21,3
2012-03-08 22:00:00,279.3442910549917,22,3
2012-03-08 23:00:00,267.9507801901696,23,3
2012-03-09 00:00:00,264.7097126523367,0,4
2012-03-09 01:00:00,295.18792486956585,1,4
2012-03-09 02:00:00,274.76414594750827,2,4
2012-03-09 03:00:00,260.27466629694214,3,4
2012-03-09 04:00:00,249.8658608609189,4,4
2012-03-09 05:00:00,250.69598760982964,5,4
2012-03-09 06:00:00,174.34963334910208,6,4
2012-03-09 07:00:00,260.32476049858525,7,4
2012-03-09 08:00:00,153.84919622120978,8,4
2012-03-09 09:00:00,211.33065410667894,9,4
2012-03-09 10:00:00,283.7081073494042,10,4
2012-03-09 11:00:00,299.41070494839465,11,4
2012-03-09 12:00:00,272.92215750890404,12,4
2012-03-09 13:00:00,276.9359604071851,13,4
2012-03-09 14:00:00,247.323290345734,14,4
2012-03-09 15:00:00,269.9602140322103,15,4
2012-03-09 16:00:00,273.0191542120693,16,4
2012-03-09 17:00:00,210.1681514096439,17,4
2012-03-09 18:00:00,169.11478892304106,18,4
2012-03-09 19:00:00,196.74661246646411,19,4
2012-03-09 20:00:00,296.5435454328263,20,4
2012-03-09 21:00:00,283.6360461693042,21,4
2012-03-09 22:00:00,284.3643802680676,22,4
2012-03-09 23:00:00,286.2611719524938,23,4
2012-03-10 00:00:00,257.28362436557944,0,5
2012-03-10 01:00:00,275.23387704396845,1,5
2012-03-10 02:00:00,259.32137292247506,2,5
2012-03-10 03:00:00,179.4948648209936,3,5
2012-03-10 04:00:00,201.4789093905041,4,5
2012-03-10 05:00:00,212.0078344189182,5,5
2012-03-10 06:00:00,153.25766707866072,6,5
2012-03-10 07:00:00,248.21232733684064,7,5
2012-03-10 08:00:00,256.32050833650834,8,5
2012-03-10 09:00:00,173.01681277795623,9,5
2012-03-10 10:00:00,246.46348610270897,10,5
2012-03-10 11:00:00,248.48382745748742,11,5
2012-03-10 12:00:00,274.7091721756585,12,5
2012-03-10 13:00:00,274.774814976932,13,5
2012-03-10 14:00:00,253.17535641178702,14,5
2012-03-10 15:00:00,273.825409704684,15,5
2012-03-10 16:00:00,273.8457470458694,16,5
2012-03-10 17:00:00,266.7674454337003,17,5
2012-03-10 18:00:00,149.35475125747388,18,5
2012-03-10 19:00:00,143.54145182669237,19,5
2012-03-10 20:00:00,170.29808739553016,20,5
2012-03-10 21:00:00,142.080949846178,21,5
2012-03-10 22:00:00,239.08448640282438,22,5
2012-03-10 23:00:00,118.91866921719826,23,5
2012-03-11 00:00:00,267.50994648842385,0,6
2012-03-11 01:00:00,300.6881731341483,1,6
2012-03-11 02:00:00,273.99616670741125,2,6
2012-03-11 03:00:00,263.69551564365736,3,6
2012-03-11 04:00:00,255.36870169336066,4,6
2012-03-11 05:00:00,186.3944475067942,5,6
2012-03-11 06:00:00,272.8127294339549,6,6
2012-03-11 07:00:00,169.6347577375527,7,6
2012-03-11 08:00:00,204.09026587494526,8,6
2012-03-11 09:00:00,188.5515523222196,9,6
2012-03-11 10:00:00,166.12975912973937,10,6
2012-03-11 11:00:00,270.96479026273306,11,6
2012-03-11 12:00:00,146.8464995142644,12,6
2012-03-11 13:00:00,247.83116046506902,13,6
2012-03-11 14:00:00,253.69962443331696,14,6
2012-03-11 15:00:00,274.6033842831571,15,6
2012-03-11 16:00:00,262.8902851170722,16,6
2012-03-11 17:00:00,292.33095190385734,17,6
2012-03-11 18:00:00,288.03993565008426,18,6
2012-03-11 19:00:00,259.16570381649274,19,6
2012-03-11 20:00:00,263.2939092041967,20,6
2012-03-11 21:00:00,279.93472729882933,21,6
2012-03-11 22:00:00,251.63985391560192,22,6
2012-03-11 23:00:00,265.4237651003357,23,6
2012-03-12 00:00:00,256.191094360406,0,0
2012-03-12 01:00:00,259.22955401501395,1,0
2012-03-12 02:00:00,258.25464579703646,2,0
2012-03-12 03:00:00,261.30449589689835,3,0
2012-03-12 04:00:00,188.74646687653006,4,0
2012-03-12 05:00:00,214.47135254840677,5,0
2012-03-12 06:00:00,245.84120118519618,6,0
2012-03-12 07:00:00,174.43759411836453,7,0
2012-03-12 08:00:00,196.21347961428023,8,0
2012-03-12 09:00:00,264.64583639576307,9,0
2012-03-12 10:00:00,213.65233115407216,10,0
2012-03-12 11:00:00,169.95459835429497,11,0
2012-03-12 12:00:00,158.6560779860761,12,0
2012-03-12 13:00:00,305.5668533395807,13,0
2012-03-12 14:00:00,140.370864042672,14,0
2012-03-12 15:00:00,196.2039051037018,15,0
2012-03-12 16:00:00,146.77302610761222,16,0
2012-03-12 17:00:00,133.4283217359302,17,0
2012-03-12 18:00:00,142.81351046252445,18,0
2012-03-12 19:00:00,194.15600487770135,19,0
2012-03-12 20:00:00,270.17108321126966,20,0
2012-03-12 21:00:00,270.80644752306256,21,0
2012-03-12 22:00:00,261.2925799550012,22,0
2012-03-12 23:00:00,276.98204637465403,23,0
2012-03-13 00:00:00,254.72810718145357,0,1
2012-03-13 01:00:00,242.85065649051978,1,1
2012-03-13 02:00:00,261.5773251988362,2,1
2012-03-13 03:00:00,246.93793984574992,3,1
2012-03-13 04:00:00,229.11424597557382,4,1
2012-03-13 05:00:00,264.3813077234148,5,1
2012-03-13 06:00:00,218.54906632781612,6,1
2012-03-13 07:00:00,178.04525987388112,7,1
2012-03-13 08:00:00,258.7648084254326,8,1
2012-03-13 09:00:00,242.34473651436775,9,1
2012-03-13 10:00:00,250.14631885832063,10,1
2012-03-13 11:00:00,221.45199737534418,11,1
2012-03-13 12:00:00,269.5585902443973,12,1
2012-03-13 13:00:00,141.93873635605357,13,1
2012-03-13 14:00:00,251.4676613083727,14,1
2012-03-13 15:00:00,267.44210148575064,15,1
2012-03-13 16:00:00,156.12150271035506,16,1
2012-03-13 17:00:00,236.04806676964262,17,1
2012-03-13 18:00:00,258.71426698263053,18,1
2012-03-13 19:00:00,279.2949217936421,19,1
2012-03-13 20:00:00,261.90051169436845,20,1
2012-03-13 21:00:00,300.1494849374266,21,1
2012-03-13 22:00:00,289.87495157961246,22,1
2012-03-13 23:00:00,259.4328422459148,23,1
2012-03-14 00:00:00,263.1904809401954,0,2
2012-03-14 01:00:00,269.8437782913678,1,2
2012-03-14 02:00:00,266.6734641403158,2,2
2012-03-14 03:00:00,247.84435329074543,3,2
2012-03-14 04:00:00,209.30461390121235,4,2
2012-03-14 05:00:00,146.35229397224495,5,2
2012-03-14 06:00:00,258.1927299735652,6,2
2012-03-14 07:00:00,272.350709161318,7,2
2012-03-14 08:00:00,252.72387119655897,8,2
2012-03-14 09:00:00,256.9025457754028,9,2
2012-03-14 10:00:00,269.57971677915543,10,2
2012-03-14 11:00:00,151.78225820958383,11,2
2012-03-14 12:00:00,178.2745613053732,12,2
2012-03-14 13:00:00,260.5499913481432,13,2
2012-03-14 14:00:00,109.86408454541198,14,2
2012-03-14 15:00:00,135.74107707485257,15,2
2012-03-14 16:00:00,152.64170411764138,16,2
2012-03-14 17:00:00,154.77620884987525,17,2
2012-03-14 18:00:00,284.97334622506236,18,2
2012-03-14 19:00:00,254.8905390257371,19,2
2012-03-14 20:00:00,264.1851921172566,20,2
2012-03-14 21:00:00,262.8304462154015,21,2
2012-03-14 22:00:00,245.38417628942642,22,2
2012-03-14 23:00:00,261.31459402280944,23,2
2012-03-15 00:00:00,277.7007672638609,0,3
2012-03-15 01:00:00,289.28312700675065,1,3
2012-03-15 02:00:00,281.18019132986285,2,3
2012-03-15 03:00:00,236.56498188483312,3,3
2012-03-15 04:00:00,251.41814427801296,4,3
2012-03-15 05:00:00,201.01558166530694,5,3
2012-03-15 06:00:00,174.9078906479496,6,3
2012-03-15 07:00:00,155.8793033639446,7,3
2012-03-15 08:00:00,273.69113196730825,8,3
2012-03-15 09:00:00,242.86247323906903,9,3
2012-03-15 10:00:00,273.86578087012487,10,3
2012-03-15 11:00:00,265.2448461719429,11,3
2012-03-15 12:00:00,185.97408871707128,12,3
2012-03-15 13:00:00,266.84000259461703,13,3
2012-03-15 14:00:00,243.22195597234938,14,3
2012-03-15 15:00:00,124.48893191566744,15,3
2012-03-15 16:00:00,276.19439886091584,16,3
2012-03-15 17:00:00,269.2951945782752,17,3
2012-03-15 18:00:00,253.13043465941078,18,3
2012-03-15 19:00:00,264.6299053998718,19,3
2012-03-15 20:00:00,262.75469829043277,20,3
2012-03-15 21:00:00,252.24157127902322,21,3
2012-03-15 22:00:00,254.3260384312382,22,3
2012-03-15 23:00:00,140.0426769342691,23,3
2012-03-16 00:00:00,260.90506554651887,0,4
2012-03-16 01:00:00,150.2091593409805,1,4
2012-03-16 02:00:00,251.3728875070205,2,4
2012-03-16 03:00:00,253.73021892340296,3,4
2012-03-16 04:00:00,251.68602404157306,4,4
2012-03-16 05:00:00,254.74286292149839,5,4
2012-03-16 06:00:00,152.8658136021664,6,4
2012-03-16 07:00:00,258.2856082750345,7,4
2012-03-16 08:00:00,147.64284276440773,8,4
2012-03-16 09:00:00,274.2934638198465,9,4
2012-03-16 10:00:00,148.7810562319083,10,4
2012-03-16 11:00:00,164.84930539922416,11,4
2012-03-16 12:00:00,139.09709092779326,12,4
2012-03-16 13:00:00,168.19940951473265,13,4
2012-03-16 14:00:00,156.2528580307271,14,4
2012-03-16 15:00:00,163.74087546835344,15,4
2012-03-16 16:00:00,118.51922849739272,16,4
2012-03-16 17:00:00,137.78190954066406,17,4
2012-03-16 18:00:00,137.96866226026765,18,4
2012-03-16 19:00:00,269.54390953693763,19,4
2012-03-16 20:00:00,199.64974638183085,20,4
2012-03-16 21:00:00,138.54870017325808,21,4
2012-03-16 22:00:00,154.8859537956114,22,4
2012-03-16 23:00:00,160.3478867339859,23,4
2012-03-17 00:00:00,180.651504758852,0,5
2012-03-17 01:00:00,273.13505859384935,1,5
2012-03-17 02:00:00,275.1071825870208,2,5
2012-03-17 03:00:00,253.31103221843853,3,5
2012-03-17 04:00:00,240.49901073845464,4,5
2012-03-17 05:00:00,182.84539048744028,5,5
2012-03-17 06:00:00,211.27479706170396,6,5
2012-03-17 07:00:00,261.72903828919357,7,5
2012-03-17 08:00:00,270.9142547143589,8,5
2012-03-17 09:00:00,277.77769884815126,9,5
2012-03-17 10:00:00,262.269396228848,10,5
2012-03-17 11:00:00,147.44715297874933,11,5
2012-03-17 12:00:00,263.8562912990138,12,5
2012-03-17 13:00:00,253.82718754860872,13,5
2012-03-17 14:00:00,234.0994449712336,14,5
2012-03-17 15:00:00,276.570759591573,15,5
2012-03-17 16:00:00,266.2179143699788,16,5
2012-03-17 17:00:00,186.9036232113475,17,5
2012-03-17 18:00:00,267.68341715334617,18,5
2012-03-17 19:00:00,281.60290810192555,19,5
2012-03-17 20:00:00,272.2752715408583,20,5
2012-03-17 21:00:00,278.7495693752937,21,5
2012-03-17 22:00:00,246.05006563661902,22,5
2012-03-17 23:00:00,285.1426478262871,23,5
2012-03-18 00:00:00,253.81781065463292,0,6
2012-03-18 01:00:00,170.58882029753858,1,6
2012-03-18 02:00:00,261.76872307309185,2,6
2012-03-18 03:00:00,141.16478859600159,3,6
2012-03-18 04:00:00,256.3273244447102,4,6
2012-03-18 05:00:00,265.5141798362874,5,6
2012-03-18 06:00:00,274.6754545625427,6,6
2012-03-18 07:00:00,277.0383176331766,7,6
2012-03-18 08:00:00,271.96882020236916,8,6
2012-03-18 09:00:00,243.98171429170426,9,6
2012-03-18 10:00:00,262.02050521093696,10,6
2012-03-18 11:00:00,134.59301826613174,11,6
2012-03-18 12:00:00,244.8968318670872,12,6
2012-03-18 13:00:00,254.74467609198663,13,6
2012-03-18 14:00:00,237.78425105031326,14,6
2012-03-18 15:00:00,271.35690110350106,15,6
2012-03-18 16:00:00,177.6434319844952,16,6
2012-03-18 17:00:00,286.0136529991605,17,6
2012-03-18 18:00:00,187.3026811809412,18,6
2012-03-18 19:00:00,276.9058197733803,19,6
2012-03-18 20:00:00,276.52590106709175,20,6
2012-03-18 21:00:00,276.6214692034765,21,6
2012-03-18 22:00:00,267.4007318735092,22,6
2012-03-18 23:00:00,221.9833575548885,23,6
2012-03-19 00:00:00,182.0515445096801,0,0
2012-03-19 01:00:00,253.28649332576916,1,0
2012-03-19 02:00:00,147.81853923273798,2,0
2012-03-19 03:00:00,268.6035628747531,3,0
2012-03-19 04:00:00,243.9707275967003,4,0
2012-03-19 05:00:00,255.95670512812626,5,0
2012-03-19 06:00:00,245.76412348305462,6,0
2012-03-19 07:00:00,268.0277269032723,7,0
2012-03-19 08:00:00,244.41420229127436,8,0
2012-03-19 09:00:00,263.07372491570754,9,0
2012-03-19 10:00:00,255.9864187675379,10,0
2012-03-19 11:00:00,226.49007573139681,11,0
2012-03-19 12:00:00,291.09664326532925,12,0
2012-03-19 13:00:00,277.3414548008974,13,0
2012-03-19 14:00:00,272.5880791402895,14,0
2012-03-19 15:00:00,261.71658476435664,15,0
2012-03-19 16:00:00,162.43369684197938,16,0
2012-03-19 17:00:00,252.17469285431903,17,0
2012-03-19 18:00:00,253.3990998967251,18,0
2012-03-19 19:00:00,261.731791068758,19,0
2012-03-19 20:00:00,262.3205185422383,20,0
2012-03-19 21:00:00,268.7644732019064,21,0
2012-03-19 22:00:00,272.8517741603796,22,0
2012-03-19 23:00:00,306.7265007648784,23,0
2012-03-20 00:00:00,251.23645129724983,0,1
2012-03-20 01:00:00,265.5016162963711,1,1
2012-03-20 02:00:00,272.7568762619002,2,1
2012-03-20 03:00:00,266.3496533469534,3,1
2012-03-20 04:00:00,271.24411746691356,4,1
2012-03-20 05:00:00,267.4489277684476,5,1
2012-03-20 06:00:00,258.5423019565671,6,1
2012-03-20 07:00:00,263.6228374874558,7,1
2012-03-20 08:00:00,253.64746101257867,8,1
2012-03-20 09:00:00,151.97198689739434,9,1
2012-03-20 10:00:00,255.44158541920444,10,1
2012-03-20 11:00:00,268.2991926486681,11,1
2012-03-20 12:00:00,261.8815482175056,12,1
2012-03-20 13:00:00,182.77624238718352,13,1
2012-03-20 14:00:00,270.24042560570336,14,1
2012-03-20 15:00:00,146.1201266021762,15,1
2012-03-20 16:00:00,281.1820795335981,16,1
2012-03-20 17:00:00,269.72472275943375,17,1
2012-03-20 18:00:00,263.3577753056926,18,1
2012-03-20 19:00:00,238.6808073929871,19,1
2012-03-20 20:00:00,269.3958834842837,20,1
2012-03-20 21:00:00,285.56856652775394,21,1
2012-03-20 22:00:00,283.52300500313686,22,1
2012-03-20 23:00:00,282.3093742927726,23,1
2012-03-21 00:00:00,248.0709691856741,0,2
2012-03-21 01:00:00,273.8579282705193,1,2
2012-03-21 02:00:00,152.58775786126643,2,2
2012-03-21 03:00:00,270.5324171525361,3,2
2012-03-21 04:00:00,199.3901606534249,4,2
2012-03-21 05:00:00,219.31060925096065,5,2
2012-03-21 06:00:00,166.74827864448352,6,2
2012-03-21 07:00:00,211.14848230292188,7,2
2012-03-21 08:00:00,253.94032163196403,8,2
2012-03-21 09:00:00,153.86963823141912,9,2
2012-03-21 10:00:00,208.12953997566058,10,2
2012-03-21 11:00:00,180.80463012987894,11,2
2012-03-21 12:00:00,265.45436926450503,12,2
2012-03-21 13:00:00,217.35046143684173,13,2
2012-03-21 14:00:00,254.64142703883095,14,2
2012-03-21 15:00:00,248.30678020191183,15,2
2012-03-21 16:00:00,261.90599651528953,16,2
2012-03-21 17:00:00,180.94332171977686,17,2
2012-03-21 18:00:00,261.50662611680957,18,2
2012-03-21 19:00:00,258.8177822728184,19,2
2012-03-21 20:00:00,280.9689571815756,20,2
2012-03-21 21:00:00,255.67892978207655,21,2
2012-03-21 22:00:00,271.3597432135199,22,2
2012-03-21 23:00:00,296.28788985708906,23,2
2012-03-22 00:00:00,267.6872765821079,0,3
2012-03-22 01:00:00,282.8842042161668,1,3
2012-03-22 02:00:00,275.4005499559876,2,3
2012-03-22 03:00:00,247.1195010319525,3,3
2012-03-22 04:00:00,242.646040651353,4,3
2012-03-22 05:00:00,254.79492771950834,5,3
2012-03-22 06:00:00,286.5777395455415,6,3
2012-03-22 07:00:00,259.8738346793515,7,3
2012-03-22 08:00:00,260.2793651793339,8,3
2012-03-22 09:00:00,255.76452456581217,9,3
2012-03-22 10:00:00,238.58786234433006,10,3
2012-03-22 11:00:00,270.3047720614136,11,3
2012-03-22 12:00:00,247.42552522545623,12,3
2012-03-22 13:00:00,153.0328194780373,13,3
2012-03-22 14:00:00,268.2930056421017,14,3
2012-03-22 15:00:00,246.44176696585487,15,3
2012-03-22 16:00:00,268.74227794682133,16,3
2012-03-22 17:00:00,292.32389260907615,17,3
2012-03-22 18:00:00,244.1376928581949,18,3
2012-03-22 19:00:00,152.72866968053583,19,3
2012-03-22 20:00:00,255.97974719048318,20,3
2012-03-22 21:00:00,275.83939498675846,21,3
2012-03-22 22:00:00,166.1981361652136,22,3
2012-03-22 23:00:00,298.3698680271931,23,3
2012-03-23 00:00:00,235.96398344789864,0,4
2012-03-23 01:00:00,152.314888387186,1,4
2012-03-23 02:00:00,189.1514364656631,2,4
2012-03-23 03:00:00,166.0425684254654,3,4
2012-03-23 04:00:00,154.86127767946854,4,4
2012-03-23 05:00:00,259.3132604662624,5,4
2012-03-23 06:00:00,269.7603848593289,6,4
2012-03-23 07:00:00,176.47272972706972,7,4
2012-03-23 08:00:00,273.34110134440647,8,4
2012-03-23 09:00:00,244.06960113085998,9,4
2012-03-23 10:00:00,260.7443186314786,10,4
2012-03-23 11:00:00,220.62546963278342,11,4
2012-03-23 12:00:00,251.3719464054648,12,4
2012-03-23 13:00:00,273.2054685661044,13,4
2012-03-23 14:00:00,124.44885530500025,14,4
2012-03-23 15:00:00,280.64800811412226,15,4
2012-03-23 16:00:00,272.9287598372401,16,4
2012-03-23 17:00:00,277.16173838440847,17,4
2012-03-23 18:00:00,261.28381017372055,18,4
2012-03-23 19:00:00,215.23837184167274,19,4
2012-03-23 20:00:00,192.6191928321186,20,4
2012-03-23 21:00:00,211.42519345161926,21,4
2012-03-23 22:00:00,209.42280004033367,22,4
2012-03-23 23:00:00,294.61436718363666,23,4
2012-03-24 00:00:00,214.89788835727114,0,5
2012-03-24 01:00:00,274.7505081334457,1,5
2012-03-24 02:00:00,279.0560326861268,2,5
2012-03-24 03:00:00,284.7508719548802,3,5
2012-03-24 04:00:00,189.25900748780595,4,5
2012-03-24 05:00:00,163.69442963118792,5,5
2012-03-24 06:00:00,178.2811968135985,6,5
2012-03-24 07:00:00,128.32698291851767,7,5
2012-03-24 08:00:00,238.0208664911345,8,5
2012-03-24 09:00:00,209.00564075806352,9,5
2012-03-24 10:00:00,267.1471322993779,10,5
2012-03-24 11:00:00,152.9352297962046,11,5
2012-03-24 12:00:00,207.9286092936201,12,5
2012-03-24 13:00:00,254.72938706191275,13,5
2012-03-24 14:00:00,200.93963949601368,14,5
2012-03-24 15:00:00,179.54954859534098,15,5
2012-03-24 16:00:00,274.22358941010555,16,5
2012-03-24 17:00:00,266.0349130341229,17,5
2012-03-24 18:00:00,285.46515324896137,18,5
2012-03-24 19:00:00,260.6772178917149,19,5
2012-03-24 20:00:00,268.8172843579366,20,5
2012-03-24 21:00:00,276.2045512047492,21,5
2012-03-24 22:00:00,156.86823478811365,22,5
2012-03-24 23:00:00,143.26133410818332,23,5
2012-03-25 00:00:00,170.9385705179537,0,6
2012-03-25 01:00:00,272.7761574445574,1,6
2012-03-25 02:00:00,259.7664464098607,2,6
2012-03-25 03:00:00,255.1455532812103,3,6
2012-03-25 04:00:00,289.91626080933145,4,6
2012-03-25 05:00:00,301.2243464596721,5,6
2012-03-25 06:00:00,251.62641288522642,6,6
2012-03-25 07:00:00,243.71841340786307,7,6
2012-03-25 08:00:00,244.72831333218267,8,6
2012-03-25 09:00:00,239.19422750152137,9,6
2012-03-25 10:00:00,249.75617392072894,10,6
2012-03-25 11:00:00,240.03056814191754,11,6
2012-03-25 12:00:00,270.8135654344237,12,6
2012-03-25 13:00:00,256.6921602477112,13,6
2012-03-25 14:00:00,269.3181953233318,14,6
2012-03-25 15:00:00,257.7063259228266,15,6
2012-03-25 16:00:00,280.18117790316325,16,6
2012-03-25 17:00:00,276.64386746385617,17,6
2012-03-25 18:00:00,119.58216117138839,18,6
2012-03-25 19:00:00,267.202885710016,19,6
2012-03-25 20:00:00,269.2522254830635,20,6
2012-03-25 21:00:00,220.88911564058432,21,6
2012-03-25 22:00:00,236.0118491950514,22,6
2012-03-25 23:00:00,281.11352612335884,23,6
2012-03-26 00:00:00,244.71910724375914,0,0
2012-03-26 01:00:00,257.06440475684815,1,0
2012-03-26 02:00:00,258.294854512081,2,0
2012-03-26 03:00:00,199.69067650680552,3,0
2012-03-26 04:00:00,275.8640756256535,4,0
2012-03-26 05:00:00,259.10551433203153,5,0
2012-03-26 06:00:00,239.2447190047209,6,0
2012-03-26 07:00:00,256.0514000846032,7,0
2012-03-26 08:00:00,243.56627574897365,8,0
2012-03-26 09:00:00,273.1038556766347,9,0
2012-03-26 10:00:00,255.75667744942336,10,0
2012-03-26 11:00:00,249.54865615071063,11,0
2012-03-26 12:00:00,254.4387395230576,12,0
2012-03-26 13:00:00,283.4409812548303,13,0
2012-03-26 14:00:00,282.8938929110484,14,0
2012-03-26 15:00:00,284.9811400082383,15,0
2012-03-26 16:00:00,247.8421101042376,16,0
2012-03-26 17:00:00,254.74243343471852,17,0
2012-03-26 18:00:00,229.46477321426823,18,0
2012-03-26 19:00:00,219.98300051754416,19,0
2012-03-26 20:00:00,242.44013884484536,20,0
2012-03-26 21:00:00,264.7035704461437,21,0
2012-03-26 22:00:00,264.77065731080774,22,0
2012-03-26 23:00:00,256.5028889828243,23,0
2012-03-27 00:00:00,252.0574286879086,0,1
2012-03-27 01:00:00,259.4868527605884,1,1
2012-03-27 02:00:00,268.98328887312357,2,1
2012-03-27 03:00:00,136.6591979492581,3,1
2012-03-27 04:00:00,258.70384545805376,4,1
2012-03-27 05:00:00,154.42152180602957,5,1
2012-03-27 06:00:00,257.6225304113711,6,1
2012-03-27 07:00:00,254.21612837598875,7,1
2012-03-27 08:00:00,240.53777250915599,8,1
2012-03-27 09:00:00,235.58861192060772,9,1
2012-03-27 10:00:00,219.28958262855664,10,1
2012-03-27 11:00:00,269.11560207090685,11,1
2012-03-27 12:00:00,316.2943497189983,12,1
2012-03-27 13:00:00,226.29874317606377,13,1
2012-03-27 14:00:00,243.60175670908578,14,1
2012-03-27 15:00:00,250.52957189489445,15,1
2012-03-27 16:00:00,244.09568111797427,16,1
2012-03-27 17:00:00,265.2636112747487,17,1
2012-03-27 18:00:00,265.6589431339019,18,1
2012-03-27 19:00:00,154.3684883902448,19,1
2012-03-27 20:00:00,262.14513235820965,20,1
2012-03-27 21:00:00,283.5045155409076,21,1
2012-03-27 22:00:00,279.8416663676413,22,1
2012-03-27 23:00:00,279.1567689240212,23,1
2012-03-28 00:00:00,233.5057941210165,0,2
2012-03-28 01:00:00,285.5323173248065,1,2
2012-03-28 02:00:00,248.55524818813944,2,2
2012-03-28 03:00:00,261.65477431660156,3,2
2012-03-28 04:00:00,188.3005118168724,4,2
2012-03-28 05:00:00,201.60060274096554,5,2
2012-03-28 06:00:00,202.6238497328963,6,2
2012-03-28 07:00:00,254.66494835086598,7,2
2012-03-28 08:00:00,248.77782808201042,8,2
2012-03-28 09:00:00,248.82056504249212,9,2
2012-03-28 10:00:00,249.5773770181623,10,2
2012-03-28 11:00:00,233.76150363431904,11,2
2012-03-28 12:00:00,151.42969309617956,12,2
2012-03-28 13:00:00,156.18822856215175,13,2
2012-03-28 14:00:00,271.1704539308697,14,2
2012-03-28 15:00:00,203.0594352040946,15,2
2012-03-28 16:00:00,213.6432066210896,16,2
2012-03-28 17:00:00,259.79664031191163,17,2
2012-03-28 18:00:00,175.0578152062847,18,2
2012-03-28 19:00:00,193.7032929151687,19,2
2012-03-28 20:00:00,287.5647300740756,20,2
2012-03-28 21:00:00,209.2618755531638,21,2
2012-03-28 22:00:00,271.3499911436763,22,2
2012-03-28 23:00:00,256.0670945503845,23,2
2012-03-29 00:00:00,155.0662915647602,0,3
2012-03-29 01:00:00,278.578003864817,1,3
2012-03-29 02:00:00,284.9562559227665,2,3
2012-03-29 03:00:00,258.60888633344837,3,3
2012-03-29 04:00:00,256.55957981089455,4,3
2012-03-29 05:00:00,230.82959675681866,5,3
2012-03-29 06:00:00,150.82300595653922,6,3
2012-03-29 07:00:00,250.85637698798345,7,3
2012-03-29 08:00:00,265.500146152764,8,3
2012-03-29 09:00:00,159.88379349191638,9,3
2012-03-29 10:00:00,209.80172298784706,10,3
2012-03-29 11:00:00,156.84550325862307,11,3
2012-03-29 12:00:00,196.6616519260267,12,3
2012-03-29 13:00:00,257.23674529819687,13,3
